,Student_ID,Course_ID,Rating
0,192,135,3
1,17,22,3
2,12,75,1
3,193,184,4
4,22,58,1
5,120,93,2
6,210,192,1
7,270,103,2
8,192,140,3
9,175,7,1
10,285,128,1
11,204,55,5
12,164,106,3
13,251,62,5
14,227,90,2
15,7,98,2
16,29,77,3
17,33,183,2
18,134,119,3
19,79,36,2
20,58,89,4
21,26,152,1
22,226,172,4
23,285,145,3
24,4,130,3
25,99,141,4
26,39,159,1
27,271,93,1
28,285,114,5
29,157,28,2
30,75,188,5
31,288,155,1
32,130,143,4
33,175,33,2
34,84,20,4
35,22,170,5
36,27,140,3
37,195,101,4
38,236,23,5
39,92,200,5
40,21,112,5
41,84,14,3
42,262,91,3
43,147,153,3
44,257,77,2
45,58,85,3
46,15,109,3
47,162,31,3
48,163,122,4
49,281,107,3
50,280,54,2
51,12,133,5
52,274,141,4
53,271,156,1
54,208,43,3
55,27,89,5
56,72,115,5
57,60,99,4
58,145,47,1
59,93,71,2
60,8,166,5
61,79,67,5
62,27,62,5
63,174,109,5
64,50,167,4
65,199,37,1
66,181,119,5
67,24,86,2
68,46,126,2
69,15,136,3
70,153,52,5
71,222,91,5
72,206,33,5
73,273,81,5
74,236,42,5
75,228,112,2
76,9,126,1
77,166,155,1
78,214,136,3
79,117,151,2
80,72,106,5
81,64,125,1
82,205,113,4
83,209,64,4
84,72,123,4
85,277,114,5
86,274,20,5
87,95,16,3
88,166,145,3
89,32,19,3
90,11,120,4
91,217,136,5
92,289,166,4
93,102,38,3
94,267,181,5
95,214,93,2
96,179,105,1
97,88,100,1
98,41,90,3
99,76,159,4
100,46,44,2
101,160,188,5
102,80,76,4
103,86,145,3
104,92,79,4
105,148,73,3
106,161,167,1
107,202,170,1
108,242,176,4
109,2,140,2
110,225,96,5
111,289,89,3
112,233,103,5
113,77,146,1
114,116,6,2
115,154,122,2
116,103,171,5
117,194,116,1
118,166,163,5
119,90,182,4
120,174,62,2
121,122,197,2
122,143,144,4
123,106,136,1
124,123,89,2
125,9,96,3
126,262,126,3
127,73,90,1
128,223,86,4
129,41,159,5
130,204,138,1
131,264,184,5
132,178,121,1
133,84,76,3
134,111,92,4
135,251,70,3
136,7,148,4
137,84,133,5
138,208,23,1
139,22,137,2
140,3,58,2
141,127,187,4
142,297,182,4
143,188,46,3
144,14,22,2
145,12,192,3
146,87,8,5
147,12,123,2
148,25,20,5
149,243,179,1
150,122,78,3
151,147,39,4
152,55,37,2
153,238,178,3
154,173,162,4
155,221,75,1
156,119,118,2
157,183,104,5
158,288,161,1
159,300,31,4
160,82,123,2
161,211,54,2
162,150,172,1
163,37,34,2
164,59,199,4
165,131,122,1
166,202,113,5
167,243,62,1
168,35,23,1
169,93,46,5
170,207,56,4
171,213,135,3
172,159,118,3
173,24,189,5
174,293,131,4
175,4,166,2
176,220,162,5
177,20,113,3
178,152,44,4
179,50,128,1
180,177,108,4
181,96,158,4
182,105,17,3
183,250,59,3
184,117,138,2
185,228,99,2
186,66,84,5
187,262,146,1
188,295,45,2
189,243,108,3
190,186,187,4
191,246,62,5
192,125,59,2
193,268,177,4
194,131,191,4
195,237,160,2
196,18,138,1
197,40,11,1
198,21,102,5
199,225,70,1
200,282,123,5
201,8,190,3
202,100,175,2
203,240,34,4
204,87,101,5
205,298,145,1
206,14,104,5
207,2,182,5
208,293,40,1
209,41,19,1
210,111,67,2
211,14,82,4
212,231,181,2
213,84,64,2
214,130,83,1
215,231,47,1
216,145,6,4
217,28,16,5
218,66,200,2
219,163,146,4
220,229,180,2
221,261,176,5
222,164,171,2
223,287,39,3
224,10,177,4
225,195,113,1
226,118,140,2
227,270,138,4
228,80,71,4
229,93,110,2
230,266,55,1
231,257,129,1
232,133,49,2
233,276,164,4
234,264,21,1
235,171,37,2
236,1,116,2
237,64,24,2
238,284,55,4
239,121,25,1
240,107,135,4
241,175,127,3
242,204,93,1
243,165,94,4
244,120,71,1
245,44,199,3
246,156,122,5
247,207,24,2
248,108,11,4
249,251,73,3
250,130,12,3
251,293,35,1
252,20,191,1
253,282,196,2
254,285,185,1
255,1,141,4
256,119,23,4
257,35,83,4
258,198,167,5
259,245,88,4
260,59,80,1
261,161,97,1
262,179,140,4
263,206,34,3
264,12,199,3
265,276,75,3
266,181,159,2
267,242,128,5
268,216,190,4
269,251,141,2
270,299,31,3
271,126,130,4
272,217,103,2
273,285,15,1
274,185,57,3
275,39,75,2
276,223,34,1
277,184,103,3
278,178,196,5
279,294,75,3
280,151,29,5
281,126,194,5
282,234,16,5
283,8,167,4
284,129,77,4
285,264,37,5
286,157,81,1
287,5,149,5
288,86,172,2
289,175,124,5
290,290,19,4
291,193,199,4
292,119,102,2
293,218,136,2
294,114,77,3
295,145,194,1
296,26,41,1
297,136,198,1
298,232,61,4
299,76,26,1
300,289,71,3
301,1,103,3
302,147,70,1
303,287,107,2
304,142,157,3
305,53,107,2
306,69,103,4
307,90,194,3
308,220,19,2
309,192,68,1
310,63,186,4
311,73,70,5
312,161,113,5
313,169,57,1
314,89,165,4
315,176,61,4
316,269,92,4
317,73,30,4
318,245,199,5
319,77,153,2
320,159,127,4
321,98,193,2
322,102,115,4
323,132,6,3
324,102,18,3
325,19,10,3
326,82,92,4
327,279,139,2
328,129,193,5
329,89,77,1
330,213,101,5
331,143,84,4
332,65,193,3
333,76,52,3
334,199,195,2
335,143,31,4
336,93,145,5
337,224,183,4
338,291,110,4
339,102,93,3
340,267,164,5
341,110,154,1
342,265,53,3
343,3,145,5
344,85,86,2
345,282,153,3
346,117,2,2
347,221,86,3
348,154,133,4
349,153,4,5
350,12,164,2
351,133,6,3
352,293,149,2
353,300,118,3
354,228,89,3
355,271,154,1
356,43,183,1
357,21,167,1
358,107,161,2
359,117,14,4
360,124,56,3
361,281,81,5
362,292,149,1
363,203,46,2
364,51,144,2
365,271,16,2
366,277,120,5
367,141,84,5
368,275,157,1
369,290,8,5
370,52,88,1
371,27,131,5
372,157,19,5
373,239,97,5
374,156,66,1
375,291,79,3
376,136,86,1
377,144,124,3
378,106,150,2
379,158,46,2
380,146,113,1
381,2,91,3
382,77,141,3
383,132,33,3
384,90,133,2
385,263,77,1
386,108,155,4
387,74,121,3
388,39,128,3
389,159,78,4
390,71,152,1
391,241,67,3
392,298,115,1
393,36,63,3
394,84,113,5
395,263,94,3
396,172,48,5
397,173,191,1
398,47,12,3
399,141,156,2
400,118,172,2
401,277,171,4
402,214,145,2
403,220,40,5
404,26,177,2
405,9,85,2
406,271,57,2
407,10,87,3
408,121,84,4
409,125,192,1
410,170,185,4
411,72,121,5
412,152,74,3
413,208,107,3
414,49,124,2
415,154,198,2
416,293,100,5
417,68,43,3
418,50,119,1
419,152,23,4
420,19,155,3
421,100,186,1
422,60,37,1
423,167,134,4
424,202,65,1
425,146,134,5
426,164,178,1
427,242,22,5
428,69,105,1
429,175,88,2
430,49,153,1
431,108,125,5
432,226,79,1
433,161,90,1
434,119,200,1
435,149,51,5
436,150,176,1
437,293,102,4
438,143,198,4
439,160,106,5
440,11,193,2
441,138,60,4
442,78,46,3
443,77,36,4
444,254,186,3
445,258,166,5
446,291,11,2
447,263,12,3
448,85,170,3
449,146,39,4
450,42,199,3
451,125,139,5
452,167,36,5
453,241,52,5
454,280,31,4
455,188,33,2
456,19,141,4
457,68,146,5
458,218,169,4
459,102,58,5
460,42,184,1
461,288,152,1
462,167,128,3
463,109,31,2
464,36,55,1
465,232,10,5
466,229,188,4
467,164,130,4
468,73,15,3
469,136,3,4
470,70,43,1
471,196,159,4
472,269,198,1
473,49,67,1
474,130,56,2
475,5,63,3
476,27,15,5
477,160,109,1
478,149,116,3
479,264,92,5
480,230,138,4
481,200,166,3
482,50,47,3
483,67,57,3
484,300,50,4
485,58,71,4
486,259,143,3
487,130,146,2
488,215,82,1
489,172,116,4
490,258,105,2
491,102,88,4
492,209,2,3
493,291,104,2
494,286,84,5
495,116,43,1
496,264,154,1
497,150,71,4
498,300,166,1
499,36,94,5
500,287,42,2
501,208,133,2
502,106,139,3
503,158,65,2
504,121,34,4
505,55,120,5
506,12,1,3
507,145,130,4
508,136,148,4
509,3,61,4
510,144,149,1
511,30,88,4
512,237,68,1
513,279,127,2
514,115,140,1
515,104,22,4
516,118,148,5
517,5,82,5
518,248,129,2
519,121,30,4
520,286,126,1
521,149,97,5
522,84,24,3
523,231,14,4
524,288,36,4
525,161,197,3
526,272,24,5
527,38,188,3
528,226,95,2
529,142,55,1
530,292,24,1
531,151,152,5
532,114,182,3
533,237,26,4
534,66,194,4
535,258,80,4
536,249,166,2
537,180,65,2
538,190,75,4
539,154,179,5
540,196,163,2
541,262,43,2
542,143,29,1
543,101,165,1
544,244,81,5
545,12,186,2
546,239,54,2
547,49,39,3
548,42,42,5
549,166,156,5
550,82,29,3
551,291,171,3
552,158,131,1
553,216,138,5
554,158,187,5
555,134,142,3
556,67,175,4
557,7,42,4
558,14,94,1
559,73,160,4
560,163,32,4
561,66,170,4
562,130,160,2
563,206,26,1
564,276,115,3
565,256,129,4
566,266,56,2
567,25,122,4
568,281,106,2
569,253,130,1
570,289,81,4
571,164,158,2
572,95,120,5
573,270,199,5
574,110,52,2
575,238,91,4
576,25,137,4
577,141,22,1
578,117,34,1
579,25,110,3
580,79,49,1
581,68,129,4
582,173,73,3
583,12,84,1
584,288,53,2
585,128,100,5
586,96,124,1
587,92,168,1
588,141,45,2
589,31,196,4
590,20,137,2
591,146,105,1
592,160,150,4
593,43,146,3
594,254,106,1
595,130,43,2
596,60,167,3
597,151,134,5
598,287,48,3
599,5,126,2
600,266,7,3
601,130,197,2
602,267,16,1
603,178,129,4
604,253,115,5
605,56,37,4
606,83,165,4
607,99,125,4
608,149,81,2
609,156,192,2
610,190,62,5
611,263,72,2
612,80,189,2
613,252,125,2
614,97,161,2
615,260,66,1
616,260,30,5
617,103,20,2
618,40,188,5
619,273,82,3
620,101,107,1
621,221,152,2
622,124,132,1
623,231,37,1
624,178,132,3
625,63,77,5
626,116,89,1
627,191,146,4
628,62,88,3
629,256,194,4
630,7,176,3
631,155,33,4
632,92,58,4
633,14,28,1
634,229,35,1
635,86,125,3
636,133,138,5
637,183,65,1
638,62,42,1
639,219,85,2
640,246,137,1
641,230,188,5
642,79,111,2
643,149,15,4
644,138,185,4
645,65,69,2
646,13,105,2
647,213,150,2
648,242,64,3
649,213,41,5
650,181,71,5
651,173,56,4
652,160,151,4
653,164,25,4
654,188,105,1
655,191,134,4
656,256,119,2
657,183,162,4
658,117,191,2
659,282,9,3
660,196,60,1
661,34,125,1
662,52,49,5
663,112,51,3
664,252,188,2
665,82,70,3
666,232,37,1
667,227,31,2
668,233,169,3
669,221,62,1
670,42,93,2
671,21,186,2
672,42,14,1
673,113,164,2
674,105,164,1
675,192,79,4
676,17,8,4
677,120,154,2
678,129,36,2
679,130,48,1
680,60,85,2
681,48,28,5
682,29,196,4
683,97,190,2
684,10,51,2
685,242,104,3
686,232,170,2
687,277,101,5
688,284,29,4
689,203,127,3
690,247,82,1
691,290,10,1
692,264,106,4
693,214,167,1
694,200,1,5
695,79,39,2
696,173,21,4
697,69,65,3
698,87,15,2
699,101,132,1
700,8,188,1
701,200,61,3
702,87,148,5
703,43,138,3
704,109,87,4
705,152,105,3
706,17,34,1
707,133,124,5
708,148,110,5
709,277,176,3
710,232,33,4
711,228,98,1
712,139,61,2
713,211,10,5
714,28,182,3
715,51,84,4
716,261,65,4
717,261,77,1
718,8,1,5
719,138,133,1
720,38,80,2
721,111,15,2
722,220,28,2
723,223,23,4
724,136,109,5
725,256,107,1
726,49,145,1
727,292,113,2
728,78,98,5
729,105,141,5
730,169,142,3
731,217,139,5
732,119,28,5
733,190,42,1
734,255,99,5
735,266,61,5
736,149,123,1
737,164,64,5
738,140,31,1
739,258,81,3
740,269,10,4
741,181,8,1
742,160,149,1
743,288,59,5
744,288,178,1
745,226,197,2
746,11,198,2
747,10,30,3
748,271,145,1
749,273,20,5
750,183,48,5
751,153,130,4
752,124,37,3
753,114,129,5
754,278,132,4
755,213,100,5
756,172,54,4
757,288,122,2
758,174,25,2
759,113,131,5
760,122,9,3
761,32,34,1
762,222,43,3
763,119,74,3
764,39,94,1
765,268,22,2
766,233,70,2
767,18,130,1
768,149,94,4
769,149,194,3
770,126,32,5
771,238,106,2
772,135,144,5
773,151,1,1
774,236,72,5
775,224,176,5
776,203,50,3
777,256,141,1
778,86,15,5
779,150,53,2
780,235,172,1
781,22,8,2
782,285,74,4
783,269,46,5
784,258,69,1
785,29,114,2
786,213,147,5
787,283,166,3
788,50,123,2
789,95,139,2
790,88,117,4
791,44,43,3
792,278,20,4
793,171,148,3
794,189,21,2
795,184,82,4
796,3,57,5
797,191,178,3
798,118,74,2
799,19,98,1
800,23,154,3
801,30,158,3
802,295,110,5
803,108,115,3
804,281,159,3
805,128,42,5
806,229,68,5
807,111,189,4
808,136,189,2
809,186,70,2
810,144,78,4
811,72,196,2
812,129,90,3
813,261,111,4
814,3,112,4
815,104,103,2
816,224,145,1
817,10,19,2
818,231,179,1
819,219,70,4
820,66,63,1
821,112,75,3
822,13,158,5
823,86,153,1
824,234,104,5
825,90,75,3
826,54,128,5
828,209,154,5
829,14,56,5
830,121,22,2
831,20,89,1
832,75,19,5
833,243,159,4
834,223,26,2
835,70,170,1
836,211,169,2
837,101,23,1
838,186,47,3
839,132,13,5
840,111,66,4
841,132,194,2
842,20,144,2
843,24,73,2
844,227,156,2
845,154,77,5
846,293,163,1
847,230,169,5
848,202,31,3
849,38,85,5
850,260,160,5
851,188,182,3
852,57,200,5
853,20,59,1
854,273,41,4
855,119,112,3
856,71,194,2
857,4,96,1
858,221,182,4
859,14,168,1
860,3,122,1
861,216,156,2
862,229,165,4
863,186,105,1
864,55,193,2
865,254,74,3
866,24,183,2
867,162,132,5
868,158,99,2
869,82,126,2
870,159,138,2
871,188,175,1
872,60,75,4
873,211,14,2
874,152,38,2
875,109,140,5
876,76,45,5
877,30,145,3
878,117,163,3
879,192,194,5
880,19,75,4
881,173,169,3
882,228,195,4
883,183,29,5
884,113,18,3
885,183,20,2
886,146,14,5
887,116,162,3
888,113,177,4
889,251,54,4
890,251,31,3
891,118,58,4
892,161,104,3
893,198,170,3
894,260,186,4
895,148,128,1
896,240,158,2
897,47,25,5
898,198,191,2
899,47,19,5
900,78,200,5
901,124,136,2
902,75,3,3
903,137,195,4
904,90,86,1
905,61,145,1
906,138,142,1
907,50,9,2
908,259,190,2
909,107,94,3
910,113,149,1
911,254,165,3
912,118,139,1
913,198,20,2
914,51,35,4
915,245,53,4
916,35,175,4
917,69,110,4
918,49,180,5
919,74,136,1
920,192,4,4
921,261,155,5
922,70,172,5
923,90,168,5
924,260,102,3
925,126,47,3
926,231,94,5
927,295,172,4
928,129,48,1
929,280,91,2
930,100,180,3
931,297,84,4
932,182,68,4
933,174,139,2
934,188,125,2
935,57,73,4
936,31,4,2
938,152,73,2
939,36,77,2
940,213,48,4
941,106,154,5
942,220,102,4
943,163,106,1
944,220,77,2
945,270,39,3
946,120,58,2
947,182,19,1
948,106,88,3
949,217,113,3
950,205,77,4
951,70,77,5
952,44,186,4
953,228,28,3
954,184,66,3
955,107,10,5
956,84,126,2
957,250,58,5
958,21,142,4
959,196,125,2
960,178,112,4
961,7,84,5
962,70,143,2
963,127,96,5
964,160,33,1
965,248,145,3
966,203,152,2
967,148,158,3
968,143,190,1
969,199,141,2
970,154,190,3
971,142,47,3
972,165,112,2
973,21,144,3
974,82,194,3
975,69,43,2
976,131,8,3
977,87,3,3
978,218,125,4
979,161,12,4
980,178,84,1
981,117,16,4
982,196,78,4
983,86,59,1
984,289,177,3
985,81,63,3
986,152,190,4
987,61,49,1
988,61,51,3
989,28,33,5
990,43,30,2
991,169,187,2
992,86,76,2
993,177,15,4
994,17,82,2
995,98,92,2
996,198,23,5
997,98,94,3
998,65,45,5
999,5,62,4
1000,2,199,2
1001,22,15,3
1002,112,46,2
1003,57,64,2
1004,66,174,4
1005,98,184,2
1006,144,172,1
1007,125,75,3
1008,167,157,3
1009,86,190,1
1011,294,182,2
1012,59,88,2
1013,138,57,3
1014,99,83,4
1015,192,66,4
1016,243,150,4
1017,49,20,2
1018,32,33,4
1019,277,72,1
1020,20,25,5
1021,154,46,4
1022,68,73,5
1023,214,98,2
1024,143,57,4
1025,232,87,3
1026,213,133,2
1027,79,55,1
1028,214,61,1
1030,92,8,5
1031,270,16,3
1032,168,176,3
1033,58,116,1
1034,284,61,4
1035,26,15,1
1036,66,193,1
1037,248,150,3
1038,254,131,5
1039,44,102,3
1040,97,54,3
1042,227,36,1
1043,262,105,4
1044,167,82,1
1045,279,67,2
1046,89,10,3
1047,178,49,3
1048,197,111,2
1049,267,65,3
1050,268,57,3
1051,74,27,3
1052,8,113,2
1053,297,133,1
1054,164,71,3
1055,85,83,4
1056,72,57,2
1058,47,93,2
1059,238,15,1
1060,104,111,2
1061,210,101,5
1062,42,119,4
1063,268,76,5
1064,263,158,2
1065,259,20,5
1066,283,165,2
1067,114,131,4
1068,40,73,4
1069,220,122,1
1070,129,41,4
1072,101,154,5
1073,176,130,5
1074,107,23,2
1076,260,144,1
1077,246,9,1
1078,275,13,1
1079,32,156,3
1080,137,155,4
1081,12,51,1
1082,16,64,3
1083,129,52,5
1084,63,38,2
1085,109,100,4
1086,21,193,4
1087,158,146,5
1088,269,191,4
1089,162,51,4
1090,260,137,4
1091,102,141,4
1092,223,168,3
1093,59,55,3
1094,247,109,2
1095,128,171,4
1096,283,44,5
1098,131,196,2
1099,196,161,1
1100,281,152,1
1101,154,164,4
1102,133,128,5
1103,227,105,1
1104,189,10,1
1105,265,100,2
1106,134,148,5
1107,211,109,5
1108,60,108,1
1109,213,140,5
1111,226,146,2
1112,131,94,2
1113,76,63,4
1115,277,25,5
1116,156,12,2
1117,248,149,1
1118,218,25,1
1119,190,11,4
1120,163,64,5
1121,180,126,5
1122,34,50,2
1123,41,190,2
1124,75,89,1
1125,279,99,5
1126,176,116,5
1127,150,96,2
1128,273,177,3
1129,108,14,1
1130,139,1,5
1131,271,25,4
1132,289,187,4
1133,212,72,3
1134,272,69,2
1135,66,133,2
1136,248,105,2
1137,156,147,4
1138,47,23,2
1139,201,9,4
1140,148,118,3
1141,124,94,1
1142,1,178,5
1143,247,144,3
1144,128,33,4
1145,191,130,3
1146,67,14,5
1147,4,1,1
1148,294,90,5
1149,143,186,4
1150,191,89,5
1153,117,175,3
1154,142,172,4
1155,39,14,1
1156,252,152,5
1157,207,111,1
1158,210,183,4
1159,115,143,5
1160,225,83,3
1161,134,72,3
1162,251,162,4
1163,219,130,5
1164,91,27,3
1165,46,74,4
1166,38,99,4
1167,142,72,1
1168,100,23,3
1169,190,68,5
1170,35,142,3
1171,147,191,3
1172,30,117,3
1173,84,106,4
1174,281,93,2
1175,270,65,2
1176,154,68,1
1177,102,128,3
1178,215,63,2
1179,150,113,1
1180,83,90,4
1181,110,81,3
1182,275,103,5
1183,201,192,4
1184,284,160,1
1185,173,116,4
1186,206,13,5
1187,63,194,4
1188,73,124,1
1189,251,147,5
1190,124,152,5
1191,121,88,4
1192,275,11,5
1193,120,187,4
1194,164,15,3
1195,286,10,5
1196,265,41,4
1197,161,155,3
1198,89,188,5
1199,142,73,3
1200,203,52,5
1201,227,128,1
1202,222,28,1
1203,41,65,4
1204,196,17,2
1205,68,95,1
1206,264,172,2
1207,2,138,3
1208,125,63,3
1209,110,175,2
1210,86,38,4
1211,120,70,5
1212,127,104,2
1213,255,53,2
1214,183,172,2
1215,16,119,2
1216,62,74,2
1217,158,54,4
1218,268,20,1
1219,35,79,5
1220,267,31,1
1221,64,135,2
1222,50,58,1
1223,255,105,4
1224,149,10,3
1225,276,10,1
1226,172,39,5
1227,201,156,4
1228,35,158,3
1229,216,37,4
1230,65,119,2
1231,8,67,3
1232,76,43,5
1233,174,52,3
1234,47,101,5
1235,15,56,2
1236,147,76,5
1237,26,68,4
1238,93,137,1
1239,232,106,4
1240,21,125,4
1241,38,92,3
1242,276,23,2
1243,157,191,1
1244,179,109,5
1245,132,61,3
1246,28,168,2
1247,260,44,1
1248,76,152,4
1249,67,179,2
1250,194,186,2
1251,162,161,2
1252,257,16,4
1253,72,22,5
1254,87,57,3
1255,262,62,5
1256,214,107,1
1257,153,71,3
1258,210,90,1
1259,61,72,4
1260,268,70,5
1261,262,30,2
1262,218,103,3
1263,283,151,2
1264,136,32,1
1265,93,86,2
1266,109,57,2
1267,241,109,4
1268,142,9,4
1269,291,31,5
1270,237,71,1
1271,177,137,4
1272,141,13,4
1273,189,186,5
1274,49,131,3
1275,190,35,5
1276,136,21,2
1277,43,64,2
1278,90,95,4
1279,295,180,4
1280,245,34,5
1281,192,121,5
1282,106,163,1
1283,233,15,2
1284,265,120,5
1285,37,96,3
1286,41,6,1
1287,17,109,5
1288,277,97,4
1289,59,32,5
1290,183,180,4
1291,41,83,4
1292,39,156,2
1293,192,118,2
1294,267,192,5
1295,147,79,5
1296,127,78,3
1297,46,147,1
1298,45,107,1
1299,1,126,5
1300,168,15,2
1301,108,134,3
1302,19,73,1
1303,72,101,5
1304,109,98,2
1305,268,166,2
1306,240,26,2
1307,90,92,4
1308,103,125,2
1309,250,179,5
1310,8,73,3
1311,153,123,5
1312,174,53,2
1313,158,184,3
1314,215,187,1
1315,177,198,1
1316,175,78,5
1317,146,92,3
1318,161,186,5
1319,127,88,3
1320,82,13,3
1321,147,43,5
1322,239,76,3
1323,84,51,2
1324,113,19,3
1325,225,149,3
1326,243,122,5
1327,143,24,1
1328,41,26,4
1329,258,173,3
1330,285,156,4
1331,105,120,3
1332,202,82,5
1333,266,100,5
1334,210,157,3
1335,51,17,5
1336,118,68,5
1337,201,44,3
1338,39,61,1
1339,28,123,3
1340,259,93,1
1341,84,196,5
1342,155,74,1
1343,117,153,5
1344,2,67,1
1345,93,111,1
1346,166,2,3
1347,296,89,1
1348,258,177,5
1349,81,198,3
1350,268,26,1
1351,235,200,3
1352,213,99,4
1353,62,27,3
1354,49,89,4
1355,127,146,4
1356,223,182,3
1357,279,1,5
1358,294,189,5
1359,284,103,5
1360,277,131,2
1361,107,196,4
1362,146,41,3
1363,99,165,5
1364,73,51,5
1365,122,15,3
1366,30,8,4
1367,188,38,3
1368,288,114,2
1369,195,83,2
1370,156,56,3
1371,172,175,4
1372,41,103,5
1373,63,138,2
1374,23,102,2
1375,75,78,4
1376,48,177,2
1377,160,169,2
1378,118,83,4
1379,100,30,3
1380,167,5,5
1381,290,119,5
1382,156,199,2
1383,7,31,5
1384,196,180,3
1385,56,23,2
1386,193,48,5
1387,47,109,1
1388,148,40,1
1389,275,6,1
1390,157,38,1
1391,202,169,1
1392,126,100,2
1393,294,27,4
1394,64,69,4
1395,176,57,2
1396,116,17,2
1397,204,71,3
1398,31,47,4
1399,113,79,1
1400,67,110,2
1401,75,13,1
1402,45,139,4
1403,260,124,5
1404,154,109,5
1405,155,90,2
1406,234,86,3
1407,51,92,1
1408,262,24,2
1409,125,73,3
1410,245,4,1
1411,30,113,4
1412,122,46,5
1413,125,18,3
1414,37,43,1
1415,170,161,2
1416,124,93,1
1417,35,103,2
1418,87,124,5
1419,134,10,5
1420,196,73,1
1421,274,187,1
1422,201,31,2
1424,77,60,3
1425,59,131,3
1426,126,118,3
1427,109,183,1
1428,224,14,3
1429,278,186,1
1430,68,143,5
1431,69,2,4
1432,165,24,5
1433,162,64,1
1436,51,114,2
1437,250,24,2
1438,21,155,2
1439,300,165,3
1440,139,91,2
1441,92,167,3
1442,280,191,3
1443,125,26,2
1444,111,65,2
1445,139,120,4
1446,273,4,4
1447,99,157,3
1448,252,1,4
1449,104,50,3
1450,214,110,1
1451,249,139,3
1453,250,187,4
1454,275,62,1
1455,165,81,5
1456,8,164,5
1457,284,56,5
1458,5,111,1
1459,145,21,2
1460,101,141,1
1461,164,9,4
1462,147,139,3
1463,64,70,3
1464,91,129,4
1465,117,118,4
1466,267,198,3
1468,47,31,2
1469,140,37,2
1470,246,175,4
1471,149,91,3
1472,246,114,3
1473,5,128,3
1474,184,175,1
1475,20,122,1
1476,46,69,5
1478,70,36,2
1479,17,32,2
1480,147,64,2
1481,154,199,2
1482,108,170,5
1483,236,48,2
1484,70,81,4
1485,183,158,4
1486,250,149,4
1487,228,60,1
1489,75,1,5
1490,216,65,4
1491,203,33,4
1492,192,38,2
1493,249,25,4
1494,242,154,2
1495,179,59,2
1496,219,161,3
1497,82,101,1
1498,92,127,2
1499,175,41,2
1500,239,158,3
1501,260,57,2
1502,163,177,5
1503,48,48,1
1504,116,72,5
1505,225,177,4
1506,147,175,1
1507,63,56,4
1508,294,65,2
1509,13,12,3
1510,189,69,5
1511,287,134,4
1512,208,89,2
1513,114,193,5
1514,22,25,5
1515,214,1,4
1516,171,160,2
1517,54,131,3
1518,298,49,4
1519,126,147,5
1520,277,60,5
1521,204,157,1
1522,194,178,2
1523,169,2,1
1525,35,184,4
1526,184,145,5
1527,286,188,2
1528,57,110,5
1529,222,164,1
1530,163,61,1
1531,19,17,4
1532,264,49,2
1533,282,76,2
1534,113,188,4
1535,30,148,1
1536,135,178,1
1537,67,131,1
1538,65,43,5
1539,292,57,3
1540,25,50,1
1541,37,196,3
1543,37,37,2
1544,141,46,4
1546,136,15,3
1547,188,161,5
1548,128,80,2
1549,201,139,1
1550,127,148,3
1551,257,24,4
1552,164,125,2
1553,35,192,5
1554,194,118,1
1555,191,80,5
1556,104,94,4
1557,23,65,3
1558,265,88,4
1559,290,88,5
1560,260,145,5
1561,75,126,4
1562,72,89,4
1563,259,61,4
1564,188,15,1
1565,173,94,5
1566,290,51,2
1567,45,27,1
1568,61,74,1
1569,83,61,1
1570,123,186,2
1571,16,31,4
1572,66,12,5
1573,145,46,3
1574,162,159,3
1575,234,32,5
1576,144,160,2
1577,188,181,3
1578,13,61,1
1579,184,46,3
1580,111,85,5
1581,290,80,1
1582,295,135,3
1583,215,4,5
1584,120,52,2
1585,55,159,5
1586,27,112,2
1587,118,36,1
1589,231,54,4
1590,53,119,4
1591,295,127,4
1592,233,17,4
1593,158,75,4
1594,269,158,2
1595,21,105,5
1596,53,150,1
1597,275,117,4
1598,281,43,4
1599,214,112,1
1600,31,115,1
1601,183,27,4
1602,23,37,2
1603,32,46,1
1604,74,113,5
1605,10,35,5
1606,54,132,2
1607,52,80,3
1608,148,80,2
1609,160,154,4
1610,14,121,3
1611,178,147,4
1612,53,122,5
1613,22,81,1
1614,30,173,4
1615,191,154,5
1616,260,150,2
1617,205,119,4
1618,59,58,5
1619,264,63,1
1620,12,156,4
1621,119,193,5
1622,290,172,4
1623,248,100,1
1624,127,171,4
1625,75,165,4
1626,204,66,5
1628,79,168,4
1629,241,166,3
1630,154,85,2
1631,274,189,4
1632,96,137,3
1633,214,189,2
1634,294,144,5
1635,209,123,4
1636,88,2,5
1638,157,108,5
1639,156,72,5
1640,139,171,1
1641,121,126,2
1642,65,170,5
1643,107,57,3
1644,147,81,2
1646,162,158,4
1647,100,141,5
1648,141,19,3
1649,83,7,1
1651,198,54,5
1652,112,104,1
1653,56,86,1
1654,179,82,3
1655,186,61,4
1656,218,87,4
1657,217,2,4
1658,120,178,2
1659,175,31,1
1660,23,33,2
1661,213,80,1
1662,235,11,3
1663,13,161,3
1664,101,128,2
1665,24,135,2
1666,11,128,3
1667,273,31,5
1668,281,176,4
1669,94,126,4
1670,201,47,3
1671,21,181,4
1672,211,107,5
1673,140,19,5
1674,293,81,1
1675,298,123,2
1676,101,134,4
1677,28,107,5
1678,41,49,2
1679,146,73,2
1680,256,50,1
1681,227,81,2
1682,236,95,2
1684,210,23,1
1685,229,54,1
1686,100,118,4
1687,31,197,2
1688,16,59,4
1689,137,164,5
1690,166,3,2
1691,100,58,5
1693,173,57,2
1694,237,145,4
1695,162,167,4
1696,216,90,2
1697,264,196,4
1698,263,55,2
1699,292,45,1
1700,274,1,4
1701,3,21,2
1702,28,21,2
1703,149,52,4
1704,28,82,1
1705,65,171,4
1706,21,180,2
1707,252,67,1
1708,235,113,5
1709,227,44,3
1710,13,160,4
1711,49,10,2
1712,118,64,1
1713,54,69,1
1714,138,68,5
1715,53,28,4
1716,44,181,1
1717,53,116,5
1718,74,51,2
1719,46,181,5
1720,13,4,4
1721,165,79,5
1722,102,17,1
1723,280,108,1
1724,258,195,3
1725,138,74,5
1726,163,175,2
1727,111,184,4
1728,102,23,3
1729,17,18,5
1730,268,129,2
1731,182,35,3
1732,24,64,1
1733,29,186,4
1734,171,59,5
1735,228,1,2
1736,188,131,1
1737,230,67,3
1738,119,37,4
1739,156,29,3
1740,272,89,3
1741,175,161,2
1742,104,100,1
1743,92,189,5
1744,186,122,2
1745,283,90,4
1746,181,132,3
1747,170,14,4
1748,187,161,2
1749,175,150,2
1750,222,176,5
1751,233,131,3
1752,162,85,2
1753,134,151,4
1754,224,196,5
1755,153,21,4
1756,33,171,3
1757,55,26,5
1758,7,41,5
1759,244,122,5
1760,126,38,1
1761,12,88,5
1762,16,11,4
1763,208,29,4
1764,43,60,3
1765,135,195,2
1766,228,193,2
1767,111,61,1
1768,160,147,5
1769,264,174,1
1771,217,22,3
1772,45,78,2
1773,214,113,3
1774,59,185,5
1775,132,123,4
1776,104,142,3
1777,195,44,1
1778,157,144,5
1779,98,97,3
1780,226,77,3
1781,205,140,5
1783,124,51,4
1784,218,102,2
1785,4,167,5
1786,90,161,1
1787,104,161,3
1788,119,29,2
1789,133,69,1
1790,96,198,1
1791,143,159,4
1792,288,80,2
1793,28,31,5
1794,278,112,2
1795,233,46,2
1796,17,97,1
1797,59,52,4
1798,90,138,4
1799,199,74,2
1801,25,77,3
1802,267,131,1
1803,181,187,5
1804,68,114,5
1805,49,52,4
1806,175,162,1
1807,52,177,4
1808,102,156,5
1809,216,87,2
1810,188,109,1
1811,57,141,1
1812,47,69,3
1813,159,120,2
1814,174,67,2
1815,242,61,4
1816,282,188,1
1817,241,71,4
1818,5,152,2
1819,84,191,3
1820,248,189,1
1821,54,151,2
1822,161,30,3
1823,226,188,5
1824,15,146,2
1825,224,96,5
1826,61,56,4
1827,122,53,5
1828,277,7,2
1829,46,97,5
1830,294,197,1
1831,62,113,2
1833,210,200,5
1834,78,180,1
1835,202,132,4
1836,223,162,4
1837,222,197,5
1838,3,161,4
1839,6,121,3
1840,93,197,2
1841,8,38,1
1842,235,122,5
1843,108,26,4
1844,161,129,2
1845,209,4,3
1846,240,39,4
1847,50,54,4
1848,11,161,1
1849,156,33,3
1850,70,200,3
1851,169,20,5
1852,272,16,1
1853,68,149,5
1854,252,173,1
1855,48,127,3
1856,184,87,1
1857,187,82,1
1858,90,62,1
1859,139,31,2
1860,89,42,2
1861,274,12,3
1862,19,65,1
1863,154,73,3
1864,260,131,2
1866,285,137,5
1867,59,106,2
1868,125,179,2
1869,273,16,2
1870,107,78,1
1871,299,125,4
1872,245,131,5
1873,247,152,5
1874,8,141,3
1875,141,130,1
1876,8,199,2
1877,94,112,4
1878,39,127,1
1879,81,21,1
1880,187,147,4
1881,84,89,2
1882,88,47,1
1883,242,150,5
1884,93,161,5
1885,86,160,4
1886,44,192,2
1887,137,85,4
1888,74,167,1
1889,36,128,5
1890,101,72,3
1891,156,42,4
1892,255,9,3
1893,171,25,3
1894,216,2,5
1895,170,19,4
1896,252,20,3
1897,55,70,1
1898,91,17,2
1899,278,124,2
1900,101,89,5
1901,155,196,4
1902,141,94,4
1903,173,84,2
1904,10,131,1
1905,228,87,2
1906,265,51,2
1907,248,82,4
1908,247,154,3
1909,155,184,1
1910,34,192,4
1911,129,8,2
1912,160,165,3
1913,89,121,1
1914,93,155,5
1915,241,173,1
1916,117,4,1
1917,94,86,2
1918,163,128,2
1919,99,110,5
1920,113,99,5
1921,91,37,5
1922,206,71,4
1923,17,33,4
1924,274,31,2
1925,173,183,2
1926,116,125,5
1927,181,12,4
1928,91,11,3
1929,82,88,4
1930,114,72,2
1931,257,32,4
1932,58,57,2
1933,154,166,5
1934,116,188,5
1935,266,86,5
1936,203,19,3
1937,41,116,3
1938,105,184,2
1939,193,14,1
1940,278,33,3
1941,237,10,2
1942,221,80,4
1943,68,192,5
1944,197,64,5
1945,256,190,5
1946,139,68,2
1947,149,92,5
1949,76,171,4
1950,282,80,5
1951,109,59,2
1952,188,180,4
1953,199,97,5
1954,154,19,1
1955,40,149,5
1956,133,22,3
1957,132,9,4
1958,279,9,3
1959,84,27,1
1960,242,17,1
1961,116,172,3
1962,109,45,4
1963,221,8,1
1964,41,146,1
1965,147,125,5
1966,112,123,2
1967,103,33,1
1968,46,1,4
1969,271,6,4
1970,195,41,5
1971,280,183,4
1972,283,5,5
1973,40,187,1
1974,189,80,1
1975,164,18,1
1976,24,177,1
1977,24,82,2
1978,4,65,2
1979,290,83,1
1980,181,182,4
1982,116,136,3
1983,279,131,5
1984,69,25,3
1985,254,69,3
1986,181,183,1
1987,169,168,3
1988,249,82,1
1989,188,178,2
1990,54,117,4
1991,138,95,3
1992,168,33,4
1993,103,111,1
1994,85,146,3
1995,212,125,5
1996,3,185,2
1997,179,16,2
1999,239,38,2
2000,169,169,5
2001,30,135,4
2002,190,78,5
2003,25,181,2
2004,112,63,4
2005,206,112,5
2006,185,89,1
2007,47,160,1
2008,228,38,4
2009,39,150,4
2010,16,144,4
2011,22,52,1
2012,213,29,5
2013,149,144,4
2014,241,76,1
2015,272,145,4
2016,59,64,4
2017,287,91,4
2018,202,89,1
2019,32,13,5
2020,162,72,1
2021,255,184,1
2022,254,5,4
2023,9,12,3
2024,139,169,3
2025,10,3,3
2026,214,33,1
2027,273,121,4
2028,48,50,3
2030,153,137,2
2031,123,178,2
2032,102,29,5
2033,241,39,4
2034,191,91,1
2035,217,100,1
2036,51,173,4
2037,292,17,5
2038,81,56,4
2039,88,46,5
2040,194,67,3
2041,104,197,3
2042,271,142,5
2043,96,67,4
2045,1,94,4
2046,167,189,3
2047,126,151,4
2048,81,155,4
2050,169,138,5
2051,73,77,1
2052,141,16,5
2053,70,41,4
2054,262,98,4
2055,245,183,5
2056,3,128,4
2057,63,61,3
2058,49,86,4
2059,76,118,5
2060,175,100,5
2061,109,49,5
2063,192,2,2
2064,65,120,2
2065,271,178,2
2066,100,123,2
2067,32,86,2
2069,43,77,5
2070,78,136,1
2071,289,59,2
2072,270,193,5
2073,162,12,1
2074,189,4,2
2075,247,117,1
2076,216,95,1
2077,168,125,3
2078,193,41,4
2079,283,123,3
2080,13,7,1
2081,240,69,5
2082,147,69,2
2083,204,81,4
2084,80,30,2
2085,43,73,5
2086,89,6,4
2087,148,89,3
2088,95,147,1
2089,151,66,5
2090,2,10,1
2091,22,144,1
2092,7,37,2
2093,206,77,5
2095,272,32,3
2096,83,47,4
2097,179,110,5
2099,124,171,5
2100,113,120,2
2102,126,154,3
2103,53,10,1
2104,283,159,5
2105,140,97,2
2106,97,157,4
2107,5,5,1
2108,57,77,4
2109,69,1,3
2110,118,131,1
2111,59,67,1
2112,33,199,1
2113,50,163,2
2114,19,15,1
2115,214,195,4
2116,197,93,2
2117,47,30,1
2118,167,103,4
2119,289,82,4
2120,141,75,5
2121,84,171,4
2122,182,60,3
2123,79,40,1
2124,215,193,1
2125,14,157,1
2126,215,74,4
2127,128,121,4
2128,248,147,1
2129,29,3,2
2130,280,36,2
2131,202,43,3
2132,57,143,5
2134,62,115,1
2135,157,109,1
2136,202,90,1
2137,17,164,5
2138,6,84,4
2139,58,77,5
2140,169,161,3
2141,82,5,4
2142,219,78,4
2143,177,91,3
2144,204,87,4
2145,71,14,2
2146,266,104,3
2147,98,196,3
2148,291,83,2
2149,208,175,5
2150,2,54,5
2152,280,95,4
2153,74,9,2
2154,166,53,3
2155,22,77,3
2156,154,60,3
2157,295,46,4
2158,219,54,4
2159,157,74,5
2160,230,112,4
2161,20,95,5
2162,41,165,5
2163,148,23,3
2164,108,27,4
2165,84,70,5
2166,290,194,2
2167,134,109,2
2168,207,189,4
2169,283,77,3
2170,266,179,3
2171,73,50,5
2172,48,124,4
2173,233,19,2
2174,100,1,5
2175,59,40,5
2176,258,160,1
2177,65,22,4
2178,83,112,5
2179,154,194,2
2180,266,40,1
2181,79,38,2
2182,150,48,3
2183,48,183,1
2184,248,75,1
2185,278,183,5
2186,98,179,3
2187,25,107,5
2188,284,188,4
2189,68,8,2
2190,7,86,2
2191,137,68,5
2192,164,75,2
2193,83,200,2
2194,138,137,4
2196,237,130,1
2197,46,80,5
2198,106,95,5
2199,288,70,4
2200,262,90,4
2201,176,59,1
2202,166,147,3
2203,145,28,5
2204,283,72,4
2205,54,14,5
2206,178,24,2
2207,244,112,5
2208,127,44,3
2209,271,56,3
2210,132,120,5
2211,93,179,2
2212,73,32,3
2213,248,178,4
2214,273,169,5
2215,43,194,2
2216,41,25,4
2217,170,116,5
2218,212,189,2
2219,168,66,4
2220,39,42,3
2221,245,193,5
2222,151,164,5
2223,111,76,3
2224,47,137,1
2225,63,164,4
2226,225,38,3
2227,69,161,5
2228,299,170,4
2229,290,61,4
2230,296,174,1
2231,203,89,5
2232,61,189,2
2233,161,18,1
2234,16,70,1
2235,94,82,2
2236,138,116,2
2238,127,15,4
2239,275,176,3
2240,164,200,3
2241,77,13,1
2242,174,119,4
2243,91,43,2
2244,238,188,1
2245,264,57,5
2246,179,199,4
2247,209,17,5
2248,73,178,5
2249,107,32,1
2250,295,150,4
2252,182,185,4
2253,37,13,3
2254,137,47,5
2255,56,87,5
2256,187,62,4
2257,258,182,3
2258,58,29,5
2259,123,22,1
2260,188,65,4
2261,230,29,4
2262,168,48,5
2263,114,5,3
2264,252,163,5
2265,107,101,2
2266,37,71,5
2267,92,174,2
2268,18,163,1
2269,63,173,4
2270,150,141,4
2271,139,138,3
2272,186,66,5
2273,185,198,1
2274,205,72,2
2275,260,25,3
2276,214,172,1
2277,256,60,1
2278,135,175,2
2279,61,40,2
2280,88,7,4
2281,207,174,5
2282,129,151,3
2283,3,46,5
2284,242,86,3
2285,121,141,1
2286,102,21,2
2287,38,1,2
2288,133,123,1
2289,202,147,1
2291,242,188,1
2292,109,33,3
2293,84,4,5
2294,83,3,2
2295,291,91,2
2296,69,52,2
2297,129,28,5
2298,196,70,5
2299,140,198,4
2300,283,183,3
2301,234,57,3
2302,23,108,4
2303,153,144,2
2304,277,24,3
2305,61,197,3
2306,52,169,2
2307,153,77,1
2308,237,175,1
2309,32,76,4
2310,55,69,5
2311,36,101,3
2312,110,159,3
2313,177,92,4
2314,295,92,4
2315,97,30,3
2316,213,18,2
2317,137,44,2
2318,6,155,5
2319,109,99,3
2320,35,154,3
2321,39,121,3
2322,150,115,3
2323,118,60,4
2324,261,146,1
2325,87,56,3
2326,76,31,1
2327,214,101,2
2328,285,59,5
2329,239,124,2
2330,165,130,3
2331,87,97,2
2332,141,167,4
2333,160,189,1
2334,46,107,3
2335,112,191,4
2336,45,18,1
2337,247,145,4
2338,104,167,2
2339,85,71,3
2340,134,106,2
2341,108,54,5
2342,18,94,3
2343,94,76,2
2344,150,35,3
2345,246,11,1
2346,289,61,3
2347,209,44,3
2348,126,121,1
2349,235,68,2
2350,122,25,3
2351,138,176,4
2352,115,160,3
2353,162,84,2
2354,201,114,1
2355,234,132,2
2356,28,166,5
2357,11,191,3
2358,206,175,3
2359,167,1,1
2360,247,131,3
2361,47,86,4
2363,127,64,2
2364,147,145,1
2365,118,126,5
2367,72,62,1
2368,137,35,1
2369,175,13,2
2370,289,163,2
2371,19,43,3
2372,195,130,5
2373,175,184,4
2374,141,111,3
2375,246,128,1
2376,93,51,5
2377,239,182,5
2378,205,144,2
2379,48,146,5
2380,245,135,5
2382,128,164,3
2383,282,169,5
2384,17,42,2
2385,71,135,3
2386,269,15,2
2387,282,60,5
2388,7,40,3
2389,103,165,5
2390,193,194,1
2391,241,112,3
2392,62,183,2
2393,17,77,1
2394,171,105,4
2396,251,122,5
2397,253,80,2
2398,207,125,4
2399,29,184,2
2400,117,172,1
2401,282,185,2
2402,144,134,3
2403,25,32,4
2404,156,108,2
2405,73,114,4
2406,120,146,1
2407,93,68,3
2408,86,127,5
2409,118,135,2
2410,233,114,1
2411,199,8,4
2412,206,64,4
2413,147,135,1
2414,271,41,2
2415,139,40,5
2416,181,3,2
2418,57,194,2
2419,232,110,3
2420,146,114,4
2421,48,112,3
2422,194,180,5
2423,224,150,1
2424,136,4,3
2425,22,134,2
2426,6,166,3
2427,204,26,4
2428,239,139,3
2429,185,17,5
2430,292,92,3
2431,220,31,5
2432,116,163,2
2433,49,144,4
2434,173,107,1
2435,82,146,2
2436,45,111,2
2437,20,101,1
2438,221,112,3
2439,123,62,3
2440,234,112,3
2441,221,155,4
2442,3,163,2
2443,182,116,5
2444,206,173,1
2445,40,35,2
2446,59,28,3
2447,62,103,1
2448,132,125,5
2449,60,102,2
2450,122,137,2
2451,107,143,4
2452,96,21,2
2453,235,52,2
2454,62,163,5
2455,256,97,5
2456,49,51,1
2457,159,83,3
2458,124,55,5
2459,207,77,1
2461,136,172,1
2462,201,193,1
2463,250,93,1
2464,295,88,1
2465,209,80,5
2466,211,153,3
2467,192,92,1
2468,44,47,4
2470,59,38,2
2471,71,139,2
2472,92,195,2
2473,265,15,2
2474,220,1,1
2475,215,135,3
2476,277,1,4
2477,64,49,5
2478,292,96,4
2479,245,157,5
2480,62,26,5
2481,170,87,4
2482,269,173,1
2483,267,93,2
2484,54,102,1
2485,16,71,2
2486,8,140,3
2487,104,95,5
2488,59,160,4
2489,40,118,3
2490,237,148,2
2491,94,119,1
2492,222,51,4
2494,138,36,3
2495,300,67,5
2496,207,129,2
2497,81,114,5
2498,218,155,1
2499,2,111,3
2500,178,168,3
2501,279,142,1
2502,146,100,5
2503,224,197,1
2504,62,109,4
2505,294,120,1
2506,239,79,5
2507,195,134,1
2508,166,161,2
2509,222,183,1
2510,61,19,1
2511,129,127,5
2512,173,29,4
2513,156,189,4
2514,110,198,5
2515,269,24,5
2516,278,151,5
2517,74,10,2
2518,207,182,3
2519,279,105,1
2520,204,169,5
2521,161,177,5
2522,28,145,5
2523,257,184,4
2524,165,173,5
2525,63,158,1
2526,22,172,5
2527,70,55,1
2528,96,147,2
2529,163,157,3
2530,79,2,4
2531,5,164,1
2532,120,147,2
2533,178,135,3
2534,176,154,3
2535,217,111,3
2536,56,38,1
2537,187,131,2
2538,232,102,5
2539,255,194,2
2541,77,92,2
2542,230,71,1
2543,258,171,1
2544,264,190,1
2545,182,199,2
2546,256,24,1
2547,38,167,3
2548,176,68,1
2549,27,128,4
2550,276,93,1
2551,140,44,1
2552,299,133,1
2553,287,55,1
2554,91,158,4
2555,61,29,5
2556,163,154,1
2557,143,154,3
2558,253,37,4
2559,269,115,5
2560,291,181,1
2561,187,158,5
2562,291,3,3
2563,86,122,4
2564,166,43,4
2565,114,7,5
2566,183,125,1
2567,207,49,2
2568,256,121,4
2569,235,73,2
2570,3,41,4
2571,208,106,1
2572,197,77,1
2573,125,182,4
2574,138,127,5
2575,25,197,1
2576,68,91,1
2577,61,155,3
2578,29,8,1
2579,19,32,3
2580,171,64,1
2581,74,138,1
2582,61,13,5
2583,153,191,5
2585,48,163,4
2586,211,61,4
2587,139,182,1
2588,110,8,4
2590,28,95,5
2591,197,41,2
2592,191,158,3
2593,51,149,4
2594,149,11,4
2595,268,2,5
2596,50,178,4
2597,246,169,1
2598,113,194,1
2599,170,131,2
2600,166,80,2
2601,14,179,2
2602,203,196,1
2603,288,87,2
2604,189,153,2
2605,155,158,1
2606,55,106,5
2607,182,139,4
2608,210,17,3
2609,75,154,1
2610,277,23,1
2611,133,184,3
2612,59,180,3
2613,182,48,2
2614,64,20,3
2615,260,2,4
2616,193,88,4
2618,104,155,4
2619,214,130,4
2620,242,78,2
2622,93,141,3
2623,142,163,1
2624,112,128,3
2625,59,200,2
2627,207,134,5
2628,268,31,5
2629,296,138,2
2630,118,21,2
2631,20,23,3
2632,222,131,2
2633,166,160,1
2634,131,148,3
2636,184,105,3
2637,90,52,3
2638,94,115,4
2639,13,174,5
2640,293,162,3
2641,230,101,3
2642,292,84,4
2643,26,61,2
2644,75,125,3
2645,299,200,4
2647,148,70,4
2648,8,139,5
2649,29,108,5
2650,296,191,2
2651,209,21,2
2652,128,131,5
2653,116,82,5
2654,144,88,3
2655,235,111,5
2656,7,10,2
2657,45,155,5
2658,239,12,2
2659,155,7,1
2660,181,145,5
2662,88,192,4
2663,256,114,3
2664,73,26,2
2665,179,15,5
2666,212,33,5
2667,293,62,1
2668,234,47,4
2669,239,95,2
2670,223,35,4
2672,264,200,3
2673,207,76,4
2674,95,123,1
2675,222,83,2
2676,276,25,3
2677,231,57,5
2678,119,32,1
2679,268,63,5
2680,273,12,3
2681,64,63,1
2682,298,77,1
2683,11,92,3
2684,98,1,2
2685,71,179,1
2686,58,70,3
2687,290,136,4
2688,251,196,5
2689,276,133,1
2690,50,86,4
2691,216,39,1
2692,52,23,2
2693,271,68,3
2694,84,180,1
2695,293,4,3
2696,126,126,1
2697,296,175,2
2698,72,21,2
2699,296,184,4
2700,236,105,2
2701,56,66,3
2702,110,187,2
2703,192,7,1
2704,93,49,2
2705,56,16,3
2706,60,145,1
2707,138,84,4
2708,39,87,4
2709,28,98,4
2710,49,75,1
2711,125,34,4
2713,36,26,1
2714,101,66,1
2715,282,125,1
2716,86,63,5
2717,4,87,3
2718,223,41,5
2719,166,186,5
2720,278,98,5
2721,130,124,3
2722,31,79,5
2723,11,10,4
2724,96,15,1
2726,192,93,2
2727,266,185,4
2728,128,17,3
2730,112,9,5
2731,145,114,2
2732,65,36,2
2733,247,36,1
2734,223,48,4
2735,106,51,2
2736,181,97,1
2737,184,119,4
2739,265,70,1
2740,278,74,4
2741,89,80,4
2743,18,150,1
2744,106,77,2
2745,271,116,3
2746,167,6,3
2747,13,154,1
2748,32,75,1
2749,40,88,2
2750,148,3,4
2751,218,52,1
2752,219,74,5
2753,82,125,4
2754,208,188,1
2755,201,191,5
2756,38,65,2
2757,211,52,5
2758,249,76,1
2759,227,142,3
2760,48,89,1
2761,18,72,3
2762,295,68,2
2763,196,156,2
2764,187,199,4
2765,224,138,4
2766,229,115,3
2767,77,57,3
2768,188,66,2
2769,270,90,5
2770,95,50,3
2771,132,14,3
2772,39,16,5
2773,72,182,4
2774,281,171,4
2775,160,42,3
2776,187,110,4
2777,191,22,4
2778,120,68,4
2780,53,66,1
2781,222,167,3
2782,131,73,3
2783,237,147,2
2784,246,144,1
2785,226,54,1
2786,208,153,2
2787,96,112,5
2788,200,18,5
2789,247,151,1
2790,72,117,5
2791,185,85,5
2792,6,139,5
2793,206,39,1
2794,32,105,5
2795,99,68,3
2796,256,25,1
2797,187,191,2
2798,76,158,5
2799,177,173,4
2800,287,123,1
2801,255,121,2
2802,190,61,3
2803,127,100,2
2804,287,51,5
2805,254,98,4
2806,213,137,5
2807,250,2,2
2808,84,5,1
2809,13,190,4
2810,45,197,4
2811,127,180,2
2812,114,86,5
2814,205,187,4
2815,273,68,2
2816,58,9,4
2817,219,93,5
2818,109,150,1
2819,279,155,1
2820,174,138,2
2821,264,125,4
2823,187,51,4
2825,229,134,2
2826,156,62,4
2827,189,113,2
2828,272,133,4
2829,2,122,4
2830,246,198,5
2831,210,191,2
2832,286,123,3
2833,13,184,4
2834,96,187,4
2835,221,63,1
2836,238,111,2
2837,94,89,3
2838,269,187,5
2839,171,51,3
2840,94,178,5
2841,149,132,3
2843,55,123,2
2844,116,48,1
2845,143,32,3
2846,201,120,4
2847,180,179,4
2848,202,180,4
2849,53,99,1
2850,180,74,3
2851,137,34,5
2852,182,164,5
2853,1,70,2
2854,44,171,1
2855,227,110,3
2856,98,16,4
2857,208,59,1
2858,265,181,1
2859,288,19,3
2860,271,95,2
2861,140,113,2
2862,237,41,2
2863,72,81,4
2864,155,175,4
2865,190,103,3
2866,268,54,2
2867,107,183,3
2868,232,95,2
2869,42,147,1
2871,139,99,5
2872,103,93,2
2873,171,187,3
2874,273,65,4
2875,221,68,2
2876,213,28,2
2877,56,18,4
2878,102,26,2
2879,192,104,1
2880,200,147,4
2881,233,55,1
2882,227,119,5
2883,139,124,4
2884,149,185,4
2885,115,134,3
2886,63,129,3
2887,104,8,4
2888,156,51,5
2889,273,85,2
2890,6,25,3
2892,184,183,5
2893,28,192,3
2894,38,83,2
2895,119,93,3
2896,293,117,5
2897,244,138,1
2898,68,56,3
2899,214,12,5
2900,218,161,3
2901,177,120,5
2902,299,71,2
2903,164,17,5
2904,58,189,4
2905,269,122,1
2906,58,124,5
2907,288,10,3
2908,105,31,3
2910,247,70,4
2911,188,17,5
2912,83,50,2
2913,186,37,4
2914,252,190,5
2915,238,118,1
2916,184,200,4
2917,284,157,5
2918,210,160,1
2919,296,80,5
2920,97,11,2
2921,208,134,3
2922,137,123,5
2923,184,35,4
2924,76,33,5
2925,287,18,5
2926,142,165,5
2927,237,13,5
2928,25,90,4
2929,290,110,4
2930,67,192,5
2931,250,1,3
2932,118,63,5
2933,73,34,4
2934,282,103,2
2935,10,10,5
2936,211,128,5
2937,152,7,5
2938,5,56,5
2939,195,80,1
2941,113,157,4
2942,271,12,4
2943,163,145,1
2944,105,48,5
2945,181,26,3
2946,44,112,5
2947,282,122,4
2948,175,12,2
2949,162,149,2
2950,140,42,3
2952,87,58,1
2953,176,182,5
2954,183,34,3
2955,129,7,3
2956,246,109,3
2957,89,35,2
2958,66,15,5
2959,158,193,5
2960,149,25,1
2961,116,59,3
2962,214,79,3
2963,294,86,4
2964,253,134,4
2965,143,180,2
2966,250,88,5
2967,25,149,1
2968,277,71,1
2969,70,121,3
2970,113,93,1
2971,112,96,3
2972,91,32,5
2973,18,53,1
2974,149,59,3
2975,227,69,5
2976,214,190,5
2977,151,132,3
2978,192,86,3
2979,40,18,2
2980,242,81,5
2981,138,114,3
2982,180,184,5
2983,200,24,1
2984,203,66,4
2985,61,141,4
2986,192,62,3
2987,5,54,3
2988,237,143,5
2989,181,197,3
2990,37,131,5
2992,237,37,5
2993,197,131,3
2994,73,191,2
2995,59,35,5
2996,240,180,2
2997,2,124,2
2998,188,156,2
2999,30,18,2
3000,267,122,1
3001,108,164,4
3003,205,192,3
3004,220,154,3
3005,94,48,4
3006,103,168,4
3007,223,17,4
3008,186,168,2
3009,184,135,1
3010,162,57,3
3011,247,8,1
3012,31,128,1
3013,52,117,1
3014,76,56,4
3015,278,126,4
3016,40,159,3
3017,101,59,3
3018,111,58,3
3019,249,140,1
3020,191,176,4
3021,182,159,2
3022,209,108,1
3023,22,191,5
3024,166,74,1
3025,99,167,4
3026,208,148,5
3027,8,101,1
3028,190,48,4
3029,175,71,4
3030,273,116,2
3031,17,182,1
3032,90,122,4
3033,141,78,3
3034,145,199,4
3035,166,29,2
3036,78,93,4
3037,262,73,1
3038,163,100,1
3039,14,176,5
3040,239,74,1
3041,72,184,5
3042,143,95,3
3043,283,17,2
3044,269,137,3
3045,241,97,5
3046,245,162,4
3047,163,173,4
3048,60,9,3
3049,6,135,4
3050,197,144,5
3051,58,19,2
3052,217,134,1
3053,26,114,5
3054,5,139,5
3055,20,125,1
3056,198,61,1
3057,59,42,2
3058,242,13,2
3059,146,140,2
3061,249,20,5
3062,14,50,1
3063,13,164,5
3064,44,92,5
3065,19,88,2
3066,63,69,2
3067,239,37,5
3068,100,140,2
3069,163,99,4
3070,122,125,1
3071,44,168,5
3072,145,54,1
3073,50,130,4
3074,65,178,2
3075,288,41,3
3076,164,45,4
3077,141,103,3
3078,128,106,1
3079,239,137,5
3080,296,190,2
3081,187,128,4
3082,208,86,2
3083,220,47,3
3084,190,5,3
3085,284,1,5
3086,237,44,3
3087,194,150,5
3088,287,38,4
3089,259,19,5
3090,246,159,3
3091,136,115,1
3092,280,195,5
3093,271,87,2
3094,171,170,1
3095,159,123,5
3096,201,82,2
3097,45,154,1
3098,264,141,5
3099,71,58,4
3100,103,146,2
3101,125,67,4
3102,286,122,3
3103,230,87,5
3104,146,131,5
3105,197,55,2
3106,221,89,5
3107,60,58,3
3108,98,63,5
3109,171,91,1
3110,173,52,4
3111,151,126,3
3112,122,24,3
3113,108,72,4
3114,4,9,4
3116,6,165,4
3117,288,94,2
3118,106,117,4
3119,146,83,1
3120,271,181,1
3121,96,80,2
3122,229,152,4
3123,202,149,1
3124,212,100,5
3125,6,40,4
3126,112,103,2
3127,106,62,4
3128,139,198,3
3129,299,69,3
3130,96,142,1
3131,297,109,3
3132,214,170,2
3133,291,178,1
3134,22,189,2
3135,193,4,2
3136,150,72,3
3137,247,17,3
3138,267,114,2
3139,251,85,3
3141,76,107,3
3142,87,48,4
3143,270,172,2
3144,225,173,5
3145,18,117,2
3146,113,161,1
3148,233,112,3
3149,279,47,5
3150,202,134,1
3151,83,108,4
3152,125,72,2
3154,69,162,1
3155,47,108,5
3156,256,53,1
3157,215,142,5
3158,30,16,4
3160,237,116,1
3161,248,73,1
3162,25,74,3
3163,74,81,5
3164,206,12,3
3165,94,128,2
3166,127,70,2
3167,25,147,1
3168,116,41,4
3169,48,181,2
3170,226,157,2
3171,266,198,3
3172,99,59,3
3173,11,89,2
3174,85,192,1
3175,214,24,3
3176,173,144,2
3177,209,180,4
3178,64,80,3
3179,258,134,2
3180,121,165,5
3181,298,132,3
3182,54,92,5
3183,272,166,3
3184,241,169,3
3185,243,92,5
3186,18,81,1
3187,187,142,2
3188,144,71,1
3189,262,179,1
3190,239,65,2
3191,298,52,4
3192,76,30,1
3193,188,185,1
3194,246,99,1
3195,130,158,4
3196,283,98,3
3197,79,42,5
3198,72,139,5
3199,263,27,4
3200,191,152,1
3201,63,167,5
3202,12,72,4
3203,141,18,2
3204,254,77,5
3205,43,45,2
3206,17,115,1
3207,63,87,5
3208,253,140,4
3209,292,177,3
3210,8,159,5
3212,208,22,5
3213,292,172,5
3214,284,92,4
3215,118,192,4
3216,175,77,3
3217,76,25,4
3218,101,108,4
3219,151,179,1
3220,270,135,1
3221,71,109,2
3222,180,134,3
3223,124,24,1
3224,293,19,3
3225,285,83,3
3226,195,115,5
3227,228,9,3
3228,275,112,5
3229,106,164,2
3231,64,168,2
3232,165,152,5
3233,27,48,5
3234,285,191,2
3235,148,69,5
3236,281,181,4
3237,164,182,4
3238,224,170,5
3239,272,119,5
3240,146,45,1
3241,30,125,1
3242,45,14,3
3244,34,134,3
3245,141,135,2
3246,221,37,4
3247,22,53,2
3248,180,18,5
3249,231,38,1
3250,38,187,5
3251,70,129,5
3252,116,196,1
3253,239,44,5
3254,148,47,3
3255,9,35,1
3256,288,60,5
3257,50,90,3
3258,5,52,3
3259,126,8,4
3260,75,107,3
3261,165,169,2
3262,278,131,1
3263,300,197,1
3264,290,142,1
3265,77,96,5
3266,298,26,5
3267,137,111,2
3268,106,198,3
3270,135,186,3
3271,68,168,3
3272,147,51,5
3274,163,5,2
3275,189,77,4
3276,95,160,1
3277,181,1,5
3278,288,182,5
3279,187,11,3
3280,138,181,4
3281,130,8,5
3282,194,153,4
3283,273,168,1
3284,144,32,3
3285,16,28,2
3287,107,128,4
3288,88,62,4
3289,129,27,1
3290,4,45,4
3291,95,105,2
3292,209,92,2
3293,225,25,4
3294,47,189,4
3295,181,44,2
3296,106,174,4
3297,199,142,5
3299,280,176,5
3300,260,142,4
3301,108,193,4
3302,19,80,3
3303,296,82,4
3304,171,135,3
3305,195,88,2
3306,12,177,3
3307,195,127,3
3308,283,55,5
3309,182,141,4
3310,144,184,2
3311,182,56,1
3312,30,15,3
3313,84,185,1
3314,166,58,4
3315,284,163,3
3316,281,88,1
3317,96,97,5
3318,266,144,1
3319,298,8,5
3320,296,173,2
3321,225,40,4
3322,42,182,1
3323,246,14,3
3324,208,187,4
3325,237,53,1
3326,22,127,3
3327,185,155,3
3328,242,175,3
3329,283,80,3
3330,41,115,1
3331,162,134,2
3332,160,55,5
3333,89,44,5
3334,12,18,5
3335,73,16,2
3336,76,12,3
3337,201,148,3
3338,10,45,4
3339,226,192,5
3340,176,187,5
3342,39,22,5
3343,60,97,3
3344,66,47,3
3345,124,29,3
3347,159,77,1
3348,57,9,1
3349,78,24,1
3350,194,15,2
3351,285,164,4
3352,15,13,4
3353,12,91,3
3354,101,172,5
3355,156,101,1
3356,125,71,4
3357,280,200,4
3358,110,122,1
3359,146,76,2
3360,216,164,2
3361,162,116,4
3362,128,61,2
3363,150,168,1
3364,36,126,4
3365,173,155,1
3366,22,1,2
3367,206,162,1
3368,127,68,2
3369,217,88,2
3371,164,161,2
3372,148,135,3
3373,18,193,1
3374,294,3,3
3375,195,51,1
3376,151,79,2
3377,123,95,2
3378,187,182,4
3380,104,187,3
3381,243,6,2
3382,231,157,4
3383,206,17,2
3384,198,117,1
3385,87,60,4
3386,142,150,3
3387,199,152,4
3388,46,125,2
3389,288,81,5
3390,15,85,5
3391,44,51,2
3392,169,178,1
3393,44,139,4
3395,261,71,1
3396,109,170,2
3397,283,39,1
3398,104,69,2
3399,256,48,4
3400,206,125,1
3401,43,57,4
3402,245,21,1
3403,287,82,2
3404,273,99,2
3405,83,148,1
3406,110,15,2
3407,190,69,3
3408,288,179,3
3409,251,76,4
3410,212,62,3
3411,291,119,3
3412,133,37,5
3413,201,134,5
3414,285,199,5
3415,95,26,5
3416,278,8,2
3417,219,4,4
3418,89,21,4
3419,72,159,3
3420,247,149,4
3421,129,25,3
3422,212,143,4
3423,96,163,1
3424,75,177,1
3425,54,43,4
3426,54,169,2
3427,218,37,3
3428,16,185,4
3429,99,42,3
3430,20,175,5
3431,46,92,4
3432,193,61,2
3433,58,142,5
3434,111,68,4
3435,129,53,1
3436,194,84,4
3437,8,34,1
3438,29,76,1
3439,112,97,4
3440,161,152,4
3442,188,197,3
3443,163,30,5
3444,197,88,2
3445,204,7,4
3446,212,36,5
3447,109,38,5
3448,276,52,3
3449,73,143,5
3450,167,174,4
3451,260,151,5
3452,243,140,4
3453,275,172,4
3454,102,143,1
3455,173,93,3
3456,171,107,2
3457,141,126,1
3458,188,49,2
3459,86,21,4
3460,52,15,1
3461,111,14,5
3462,43,42,5
3463,211,15,2
3464,200,63,4
3465,298,196,2
3466,240,27,3
3467,115,93,5
3468,26,105,1
3469,299,53,1
3470,77,52,1
3471,137,63,5
3472,20,181,4
3473,211,57,5
3474,240,120,5
3475,39,52,1
3476,268,107,5
3477,207,43,1
3478,267,135,4
3479,154,117,3
3480,42,170,1
3481,11,4,2
3483,98,133,4
3484,275,80,3
3485,230,41,1
3486,220,132,4
3487,65,2,2
3488,232,195,1
3489,52,149,1
3490,263,198,4
3491,267,43,4
3492,154,82,3
3493,140,108,2
3494,51,197,3
3495,117,137,3
3496,46,156,1
3497,88,26,4
3498,208,82,1
3499,269,83,2
3500,89,131,3
3501,118,73,2
3502,54,100,4
3503,116,49,4
3504,118,145,5
3505,260,63,2
3506,75,55,1
3507,7,151,2
3508,122,34,3
3509,11,105,4
3510,215,105,4
3511,279,69,2
3512,28,15,2
3513,235,175,2
3514,26,3,3
3515,54,156,3
3517,164,102,2
3518,270,4,1
3519,35,88,5
3520,286,159,3
3521,273,45,4
3523,238,45,4
3524,93,75,5
3525,173,165,1
3526,79,193,1
3527,110,9,3
3528,217,145,4
3529,106,118,5
3530,47,65,2
3531,181,131,2
3532,64,26,3
3533,246,181,4
3534,244,159,2
3535,87,26,3
3536,217,23,3
3537,7,30,4
3538,278,10,2
3539,210,72,2
3540,169,64,2
3541,138,150,1
3542,230,143,2
3543,161,123,5
3544,1,105,1
3545,236,184,1
3546,188,74,1
3547,4,148,1
3548,132,105,3
3549,218,47,5
3550,260,87,4
3551,1,53,2
3552,71,181,1
3554,189,2,3
3555,291,58,4
3556,8,147,1
3557,253,190,5
3558,292,72,4
3559,244,140,1
3560,123,154,1
3561,299,27,2
3562,283,29,2
3563,32,15,5
3564,146,174,2
3565,156,129,5
3566,16,60,3
3567,47,107,3
3568,251,185,2
3569,187,3,3
3571,260,146,4
3572,17,52,4
3573,39,60,3
3574,39,34,4
3575,132,96,5
3576,30,89,1
3577,158,60,2
3578,278,154,5
3579,203,200,4
3580,66,19,1
3581,108,111,2
3583,222,161,2
3584,292,166,3
3585,18,128,4
3586,90,35,5
3587,181,107,5
3588,255,128,1
3589,253,195,1
3590,257,83,1
3591,87,138,2
3592,90,143,4
3593,237,139,2
3594,70,111,4
3595,44,90,5
3597,152,77,2
3598,86,101,2
3599,19,132,3
3600,101,13,4
3601,95,185,4
3603,30,120,3
3604,249,37,2
3605,33,48,4
3606,229,199,5
3609,155,140,2
3610,246,149,5
3611,247,139,4
3612,29,44,1
3613,161,115,4
3614,235,186,4
3615,190,108,5
3616,117,44,3
3617,271,78,4
3618,258,162,3
3619,180,25,5
3620,172,132,5
3621,274,192,2
3622,259,116,1
3623,135,119,5
3624,171,144,5
3625,210,10,3
3626,236,109,5
3627,186,194,4
3628,95,35,2
3629,11,134,2
3630,68,19,4
3631,210,187,5
3632,196,181,1
3633,98,8,5
3634,93,10,2
3635,22,195,1
3636,172,166,3
3637,134,29,3
3638,25,15,5
3639,185,87,5
3640,85,23,1
3641,55,46,1
3642,251,28,5
3643,144,26,2
3644,167,10,3
3645,224,175,1
3646,220,4,2
3647,179,55,5
3648,119,66,4
3649,265,67,1
3650,150,135,4
3651,215,55,2
3652,197,31,3
3653,42,74,2
3654,53,19,3
3655,251,156,2
3656,295,81,1
3658,123,147,4
3659,266,87,2
3660,29,20,2
3661,35,13,4
3662,6,77,5
3663,111,43,2
3664,294,139,2
3665,77,176,2
3666,147,143,5
3667,67,145,1
3668,8,182,4
3669,122,50,5
3670,175,28,3
3671,179,4,3
3672,85,22,5
3673,45,119,5
3674,136,101,1
3675,16,39,3
3676,195,34,4
3677,9,97,2
3678,15,44,2
3679,102,170,1
3680,226,40,1
3681,278,97,3
3682,113,140,4
3683,1,130,4
3684,266,156,5
3685,208,74,1
3686,110,86,2
3687,200,90,2
3688,12,67,3
3689,188,199,2
3690,154,200,4
3691,279,76,4
3692,171,92,1
3694,25,86,2
3695,18,102,1
3696,190,185,5
3697,141,108,5
3698,43,165,2
3699,284,91,2
3700,146,192,2
3702,179,86,2
3703,56,107,5
3704,155,168,2
3705,160,101,3
3706,111,108,5
3707,137,60,3
3708,232,48,5
3709,220,117,1
3710,68,106,5
3711,249,147,5
3712,6,200,3
3713,280,33,3
3714,94,44,5
3715,269,165,5
3716,197,112,4
3717,25,89,1
3718,148,36,1
3719,118,81,2
3720,66,88,5
3721,175,149,5
3722,76,130,5
3723,114,31,5
3725,249,30,3
3726,203,172,4
3727,147,12,3
3728,35,51,3
3729,26,121,1
3730,238,177,4
3731,14,152,5
3732,45,152,1
3733,216,188,1
3734,233,139,4
3735,193,13,2
3736,51,91,1
3737,214,200,3
3738,151,74,3
3739,275,200,5
3740,76,192,1
3741,220,20,5
3742,187,72,1
3743,289,73,4
3744,28,71,1
3745,180,78,2
3746,253,28,3
3748,177,121,3
3750,99,8,4
3751,98,13,2
3752,127,111,3
3753,168,35,1
3754,80,23,1
3755,294,46,1
3756,126,15,4
3757,150,130,2
3758,16,61,2
3759,28,115,2
3760,173,64,3
3761,46,52,4
3762,236,164,1
3764,85,69,2
3765,282,67,1
3766,232,175,4
3769,134,172,2
3770,151,192,2
3771,115,78,2
3772,64,28,1
3774,77,67,3
3775,146,164,1
3776,225,102,4
3777,103,120,3
3778,88,191,2
3779,168,153,4
3780,170,48,2
3781,135,167,4
3783,134,21,2
3784,137,158,2
3785,245,92,2
3786,109,159,1
3787,287,121,3
3788,21,116,2
3789,90,154,2
3790,296,150,1
3791,112,149,1
3792,77,1,5
3793,177,165,4
3794,148,77,2
3795,101,85,4
3796,246,46,1
3798,92,145,5
3799,28,47,3
3800,25,59,1
3801,58,54,2
3802,297,86,5
3803,134,12,3
3804,249,192,5
3805,38,6,1
3806,75,53,3
3807,142,144,4
3808,168,90,3
3809,259,5,2
3810,225,73,4
3811,152,174,4
3812,19,14,2
3813,146,172,4
3814,241,191,1
3815,237,106,3
3816,35,52,3
3817,190,116,2
3818,1,26,1
3819,153,53,4
3820,126,109,3
3821,226,29,3
3822,221,19,3
3823,211,47,3
3824,25,136,5
3825,16,23,2
3826,182,117,4
3827,129,106,4
3828,42,163,2
3829,236,53,1
3830,34,96,2
3831,45,186,3
3832,134,5,3
3833,21,16,2
3834,122,17,2
3835,70,160,4
3836,48,102,4
3837,39,180,5
3838,287,20,5
3839,10,112,3
3841,244,194,5
3842,274,111,1
3843,88,1,2
3844,244,58,4
3845,15,93,5
3846,4,172,4
3847,191,6,5
3848,168,108,5
3849,9,103,3
3850,109,50,1
3851,137,118,2
3852,154,110,2
3853,209,200,3
3854,272,88,3
3855,143,20,2
3856,99,14,2
3857,69,133,1
3858,247,169,5
3859,261,40,1
3860,276,34,2
3861,79,124,5
3863,111,199,1
3866,13,155,5
3867,260,78,4
3868,109,78,4
3869,189,172,2
3870,95,33,5
3871,105,33,3
3872,8,44,4
3873,67,20,5
3874,191,111,5
3875,256,164,4
3876,9,7,5
3877,117,160,5
3878,267,195,4
3880,298,24,2
3881,164,70,3
3882,141,112,2
3883,268,104,1
3884,37,54,1
3885,74,38,5
3886,73,74,2
3887,199,80,1
3888,130,32,2
3889,246,45,1
3890,60,61,3
3891,279,198,1
3892,103,53,2
3893,296,128,5
3895,157,76,4
3896,206,184,2
3897,179,27,3
3898,197,166,3
3899,223,62,3
3900,89,18,1
3901,287,127,3
3902,276,109,2
3903,236,103,5
3904,183,192,3
3905,209,77,2
3906,130,117,1
3907,153,104,1
3909,122,49,5
3910,220,169,2
3911,106,116,5
3912,70,141,5
3913,195,162,1
3914,186,100,2
3916,82,25,2
3917,75,194,3
3918,192,128,1
3919,214,100,1
3920,144,146,1
3921,216,5,4
3922,15,19,2
3923,217,170,3
3924,35,18,5
3925,183,121,3
3926,270,32,2
3927,100,149,1
3929,30,37,2
3930,144,177,2
3931,111,86,5
3932,232,13,3
3933,179,183,3
3934,72,145,5
3935,210,9,4
3936,220,88,1
3937,80,172,1
3938,83,46,4
3939,42,136,5
3940,273,119,2
3941,191,165,3
3942,173,19,2
3943,7,191,3
3944,155,174,2
3945,10,94,5
3946,34,199,5
3948,6,46,2
3949,215,118,2
3950,134,46,4
3951,285,14,4
3952,126,85,5
3953,174,63,5
3954,152,72,2
3956,115,28,5
3957,284,125,2
3958,75,157,4
3959,166,87,2
3960,189,146,1
3961,78,163,2
3962,90,77,1
3963,176,76,2
3964,21,175,1
3965,54,114,1
3966,184,133,2
3967,222,75,5
3969,276,59,5
3970,112,47,1
3971,224,95,2
3972,214,141,2
3973,59,78,2
3974,109,113,2
3976,191,106,4
3977,200,89,1
3978,196,33,3
3979,35,97,5
3980,246,190,4
3981,237,79,4
3982,104,16,2
3983,7,44,3
3984,283,186,5
3985,1,120,2
3986,219,134,2
3987,230,108,1
3988,172,143,4
3989,87,4,5
3990,41,56,4
3991,123,64,3
3993,178,162,2
3994,63,95,1
3995,165,56,2
3996,187,32,1
3997,209,116,2
3998,227,9,4
3999,48,191,4
4000,224,105,4
4001,3,200,4
4003,99,161,2
4004,116,87,4
4005,270,21,1
4006,253,55,2
4007,95,76,1
4008,273,185,4
4009,24,130,3
4010,116,141,1
4012,50,132,5
4013,206,84,2
4014,79,178,4
4015,70,115,5
4017,271,123,1
4018,50,78,5
4019,292,30,5
4020,247,29,2
4021,264,136,1
4022,79,140,5
4023,190,41,3
4024,47,26,3
4025,189,50,5
4026,256,2,2
4027,222,55,1
4028,241,104,3
4029,269,184,5
4030,1,14,5
4032,79,128,5
4033,236,104,2
4034,98,95,3
4035,82,81,4
4036,192,61,3
4037,253,12,3
4038,38,13,2
4039,14,147,5
4040,209,172,2
4041,89,89,5
4042,56,95,4
4043,94,59,2
4044,93,37,2
4045,85,25,1
4046,245,16,2
4047,22,166,1
4049,272,87,5
4050,122,142,5
4051,128,134,1
4052,113,23,5
4053,273,126,3
4054,130,60,2
4055,132,140,1
4056,85,141,5
4057,81,100,3
4059,148,134,2
4060,16,63,5
4061,105,38,3
4062,165,128,1
4063,201,50,5
4064,197,180,2
4065,185,40,2
4066,265,8,2
4067,100,189,5
4068,214,8,4
4069,278,104,4
4070,162,34,4
4071,157,188,3
4072,251,57,5
4073,97,174,2
4074,18,22,3
4075,97,87,4
4076,1,40,1
4077,216,173,3
4078,132,183,3
4079,260,179,5
4080,125,86,3
4081,82,133,5
4082,283,95,1
4083,171,13,2
4085,32,84,4
4086,161,62,4
4087,284,93,1
4088,106,87,2
4089,105,24,4
4091,188,7,5
4092,70,166,4
4093,290,37,1
4094,87,68,2
4095,56,170,1
4096,113,86,5
4097,13,133,5
4098,18,192,1
4099,182,178,4
4100,113,87,4
4101,229,15,2
4102,171,123,2
4103,295,107,3
4104,189,181,3
4105,79,153,2
4106,146,89,3
4107,182,125,1
4108,286,113,4
4109,250,137,3
4110,196,166,3
4111,71,150,1
4112,248,107,5
4113,146,87,2
4114,106,177,1
4115,263,68,5
4116,296,15,1
4117,70,65,4
4118,193,54,1
4119,68,158,1
4120,52,93,4
4121,285,20,2
4122,9,33,5
4123,251,100,3
4126,179,136,3
4127,198,156,4
4128,128,173,2
4129,20,107,5
4131,182,74,2
4132,241,11,3
4133,24,31,4
4134,83,12,4
4135,185,124,2
4136,99,78,4
4137,62,179,3
4138,286,172,3
4139,22,96,5
4140,212,50,4
4141,126,117,5
4142,42,17,1
4143,98,163,3
4144,31,129,2
4145,158,157,3
4146,112,179,1
4147,247,64,2
4148,122,132,4
4149,273,87,4
4150,294,156,3
4151,207,16,2
4152,110,63,2
4153,278,76,5
4154,56,181,1
4155,57,85,4
4156,291,109,3
4157,114,17,2
4158,198,168,4
4159,179,141,3
4160,219,180,4
4161,277,58,3
4162,16,165,4
4163,61,79,5
4164,54,61,1
4165,168,113,4
4167,65,34,4
4168,100,70,2
4169,74,17,5
4170,192,20,5
4172,273,69,2
4175,181,120,2
4176,108,145,2
4178,206,83,2
4179,78,129,2
4180,16,13,3
4181,96,155,1
4182,147,198,1
4183,2,187,2
4184,10,6,3
4185,125,97,4
4186,81,94,5
4187,140,110,1
4188,150,151,3
4189,288,138,3
4190,129,51,2
4191,239,147,5
4192,58,51,1
4193,198,87,4
4194,211,68,2
4195,45,84,1
4196,97,42,1
4197,279,57,3
4198,23,196,5
4199,44,166,4
4201,282,7,3
4202,97,112,4
4203,36,199,4
4204,109,178,2
4205,55,180,4
4206,192,26,1
4207,219,154,5
4208,185,19,5
4209,69,9,2
4210,130,61,4
4211,55,20,3
4212,97,106,1
4213,87,50,2
4214,294,81,4
4215,119,150,3
4216,208,141,4
4217,154,140,2
4218,35,10,3
4219,79,65,3
4220,67,158,3
4221,34,8,3
4222,97,149,4
4223,169,22,3
4224,169,18,4
4225,151,194,3
4226,71,176,3
4227,3,172,2
4228,32,9,4
4229,287,195,4
4230,82,54,5
4231,43,26,2
4232,105,94,4
4233,1,100,2
4234,61,26,2
4235,270,34,2
4236,180,8,1
4238,6,48,2
4239,103,183,1
4240,10,107,1
4241,71,54,3
4243,226,119,4
4244,158,143,3
4245,228,81,4
4246,126,146,1
4247,209,96,1
4248,97,102,4
4249,74,151,3
4250,115,62,3
4251,191,46,4
4253,204,99,3
4254,56,39,2
4255,208,143,3
4256,41,53,5
4257,32,192,1
4258,15,191,1
4259,62,80,1
4260,155,16,3
4261,284,104,1
4262,209,70,5
4263,187,194,5
4264,130,141,3
4265,127,108,2
4266,292,47,3
4267,114,9,1
4268,199,191,3
4269,13,34,5
4270,271,157,3
4272,215,171,2
4273,278,86,5
4274,203,115,4
4275,74,64,4
4276,25,152,5
4277,101,199,4
4278,176,34,1
4279,117,176,4
4280,166,12,1
4281,41,151,5
4282,120,97,4
4283,97,121,4
4284,145,141,1
4286,229,102,3
4287,130,96,2
4288,137,173,4
4289,273,114,2
4290,117,193,2
4291,94,47,4
4292,168,58,1
4293,203,133,3
4294,149,121,5
4295,183,118,4
4296,152,5,4
4297,74,188,5
4298,274,96,2
4299,42,21,3
4300,212,152,2
4302,45,124,5
4304,17,21,5
4305,73,54,5
4306,14,138,3
4307,157,152,4
4308,223,104,2
4309,132,111,4
4310,47,116,4
4311,107,188,2
4312,108,57,4
4313,265,128,3
4314,205,151,2
4315,79,150,1
4317,271,162,5
4318,247,120,2
4319,19,70,1
4320,26,156,5
4321,217,95,1
4322,154,99,4
4323,154,167,5
4324,174,42,4
4325,92,151,5
4326,181,70,2
4327,131,2,3
4328,298,152,3
4329,275,145,1
4330,273,109,5
4331,76,65,4
4332,177,70,2
4333,184,69,2
4334,131,121,2
4335,49,109,3
4336,55,60,4
4337,154,178,2
4338,200,93,2
4339,118,12,1
4340,263,103,5
4341,46,175,5
4342,189,195,5
4343,129,112,1
4344,49,65,3
4345,25,155,1
4346,266,48,2
4347,118,88,4
4348,144,62,2
4349,200,44,2
4350,157,147,4
4351,134,187,5
4352,148,136,1
4353,71,55,3
4354,233,108,2
4355,299,47,2
4356,154,2,3
4357,90,113,1
4358,199,167,2
4359,161,173,3
4360,26,160,2
4361,121,193,5
4362,212,166,5
4363,63,11,2
4364,68,138,2
4365,253,112,5
4367,108,90,1
4368,286,55,1
4369,49,148,4
4370,140,17,1
4371,218,68,2
4372,44,133,2
4373,269,188,3
4374,78,151,1
4375,216,174,5
4376,98,52,5
4377,236,138,4
4378,282,174,3
4379,149,156,5
4380,66,97,4
4381,234,171,1
4382,87,154,3
4383,79,183,3
4384,205,48,2
4385,279,29,1
4386,254,27,3
4388,84,104,5
4389,276,60,1
4390,187,106,1
4392,183,114,3
4393,268,21,3
4394,296,152,4
4395,100,102,2
4396,78,131,3
4397,272,95,2
4398,162,190,2
4399,44,105,1
4400,238,125,5
4401,134,2,5
4403,278,113,4
4404,18,170,5
4405,12,162,5
4406,180,42,1
4407,123,20,1
4408,246,97,5
4409,222,68,3
4411,71,75,1
4412,48,125,2
4413,19,170,5
4414,262,47,4
4416,155,49,2
4417,53,124,3
4418,107,37,2
4419,135,162,5
4420,69,198,5
4421,11,146,5
4422,143,19,1
4423,192,40,2
4424,69,17,4
4425,23,188,4
4426,181,99,5
4427,293,93,4
4428,9,42,3
4430,93,107,2
4431,17,72,2
4432,154,65,3
4433,149,109,1
4434,267,53,3
4435,106,135,2
4436,35,133,2
4437,119,24,2
4439,14,62,1
4440,266,17,3
4441,140,20,2
4443,119,165,1
4444,238,143,5
4445,34,51,1
4446,169,176,2
4447,10,136,1
4448,122,141,1
4449,145,176,2
4450,223,3,5
4451,257,193,5
4452,268,73,4
4453,4,159,5
4454,106,105,5
4455,85,118,1
4456,214,154,4
4457,121,184,2
4458,132,34,2
4459,197,137,3
4460,19,62,4
4461,130,120,1
4462,12,115,3
4463,81,13,3
4464,262,69,2
4465,125,169,5
4466,267,77,1
4467,140,1,4
4468,2,89,3
4469,8,47,1
4470,250,4,2
4471,139,191,3
4472,124,180,3
4473,228,10,2
4474,10,28,2
4475,212,121,2
4476,112,126,1
4477,8,134,1
4478,292,155,1
4483,149,67,3
4484,236,174,1
4485,167,74,2
4487,216,143,1
4488,135,199,4
4490,294,142,2
4491,246,112,4
4492,189,131,5
4493,44,113,2
4494,86,110,4
4495,44,114,4
4496,145,67,2
4497,51,126,2
4499,294,19,3
4500,51,182,5
4501,266,69,1
4502,120,10,4
4503,200,161,1
4504,248,141,2
4505,70,128,5
4506,57,99,5
4507,39,179,3
4508,289,32,2
4509,18,112,4
4510,220,24,3
4511,244,35,2
4512,298,83,3
4513,283,70,1
4514,74,168,2
4515,110,182,4
4516,180,109,4
4517,32,172,2
4518,234,190,3
4519,282,99,5
4520,25,196,2
4521,279,33,4
4522,226,56,1
4523,57,164,4
4524,180,182,5
4525,232,147,4
4526,287,171,5
4527,64,12,2
4528,232,11,4
4529,289,70,3
4531,258,41,4
4532,18,153,4
4533,175,106,1
4534,229,3,4
4535,226,3,1
4536,84,84,1
4537,291,156,1
4538,246,151,1
4539,110,176,2
4540,254,195,3
4541,88,170,1
4542,72,107,3
4543,30,168,1
4544,172,134,3
4545,177,20,4
4546,139,139,4
4547,194,96,3
4548,186,124,1
4550,164,21,3
4551,161,114,5
4552,13,13,2
4553,296,86,5
4555,42,47,1
4556,210,156,5
4557,229,149,3
4558,275,146,2
4559,279,159,1
4560,251,188,5
4561,208,125,3
4563,280,37,1
4564,34,21,4
4565,18,14,1
4566,57,91,3
4567,112,60,2
4568,5,124,4
4569,182,23,3
4570,13,111,3
4571,285,124,3
4572,259,157,5
4573,90,175,5
4574,104,30,2
4575,186,115,3
4576,250,90,5
4577,255,38,5
4578,76,83,5
4580,156,104,2
4581,82,116,3
4582,77,15,4
4583,258,187,3
4584,127,3,5
4585,282,10,5
4586,88,120,1
4587,204,145,3
4588,16,128,5
4589,151,11,5
4590,254,176,4
4591,188,133,1
4592,32,69,3
4593,271,64,2
4594,5,14,3
4595,169,50,3
4596,181,154,4
4597,178,72,3
4598,143,69,4
4599,248,135,4
4600,127,127,5
4601,263,16,2
4602,40,183,4
4603,255,78,1
4604,143,101,1
4605,240,56,2
4606,228,105,4
4607,198,132,2
4608,65,48,5
4609,11,17,1
4611,26,164,1
4612,151,70,4
4614,237,93,1
4615,237,38,3
4616,219,101,3
4617,151,62,2
4618,123,121,2
4619,144,48,1
4621,255,36,5
4622,68,157,3
4623,104,4,2
4624,159,44,5
4625,300,56,5
4626,90,42,5
4628,220,141,2
4629,9,174,3
4630,12,161,2
4631,244,21,1
4632,182,79,3
4633,284,185,2
4634,99,69,3
4635,197,70,1
4636,226,67,3
4637,103,48,5
4638,106,161,4
4639,58,36,1
4640,78,161,3
4641,75,159,1
4642,42,149,5
4643,181,27,4
4644,33,72,1
4645,71,101,5
4646,56,190,5
4647,105,96,5
4648,200,128,3
4649,101,26,2
4650,256,66,1
4651,74,140,2
4652,171,22,5
4653,143,17,2
4654,166,7,5
4655,261,107,5
4657,83,128,4
4658,182,37,2
4659,10,38,1
4661,292,139,1
4662,281,1,2
4663,215,153,3
4664,98,42,3
4665,101,180,1
4666,9,152,4
4667,61,181,1
4668,146,184,2
4669,63,63,5
4670,121,81,3
4671,226,8,5
4672,105,187,3
4673,260,173,2
4674,255,27,3
4675,207,52,1
4676,28,146,5
4677,170,91,5
4678,76,86,2
4679,116,16,5
4680,69,66,2
4681,234,5,4
4682,1,82,1
4683,167,131,3
4684,218,118,3
4687,174,115,1
4688,170,7,5
4689,246,50,5
4690,90,142,1
4691,49,166,1
4692,294,111,3
4693,150,47,5
4694,132,112,1
4695,59,161,5
4696,199,43,1
4697,215,91,2
4698,49,29,3
4699,232,128,1
4700,247,185,4
4701,239,133,1
4702,168,96,2
4703,48,188,4
4704,51,117,4
4705,299,70,1
4706,98,130,2
4707,216,70,4
4708,177,110,3
4709,80,171,3
4710,185,132,5
4711,27,56,5
4712,195,187,2
4713,214,89,4
4714,114,137,3
4715,242,131,3
4716,124,176,2
4718,196,100,2
4719,44,129,1
4720,186,57,3
4722,84,144,2
4723,207,51,1
4724,151,112,5
4726,16,127,2
4727,165,55,3
4728,145,1,5
4729,37,90,2
4730,45,156,1
4731,206,53,3
4732,62,186,1
4734,300,188,5
4735,7,187,3
4736,249,108,5
4737,117,150,4
4739,34,177,4
4740,194,42,5
4741,55,155,3
4742,266,167,4
4743,42,25,5
4744,297,38,2
4745,231,85,2
4746,10,152,1
4747,128,24,2
4748,179,60,4
4749,193,178,2
4750,92,111,3
4751,231,66,3
4752,78,142,3
4753,85,53,2
4754,30,160,2
4755,213,106,1
4756,49,96,5
4757,265,176,1
4758,145,39,4
4759,69,168,3
4760,58,42,2
4761,185,111,5
4762,62,104,5
4763,296,77,2
4764,166,8,1
4765,171,26,5
4766,63,140,1
4768,161,179,1
4769,141,110,3
4770,97,100,2
4772,43,49,5
4773,292,115,5
4775,266,137,3
4776,95,167,3
4777,262,65,4
4778,71,199,2
4779,219,71,5
4780,21,7,2
4782,127,80,3
4783,80,67,4
4784,238,138,1
4788,5,95,1
4789,120,87,3
4790,277,185,2
4791,18,91,2
4792,198,103,1
4793,57,126,1
4795,19,182,4
4796,193,113,5
4797,237,4,3
4798,277,88,2
4799,227,151,2
4800,233,176,5
4801,40,170,1
4802,153,3,1
4803,127,91,2
4804,237,3,5
4805,55,156,2
4806,172,191,1
4807,109,81,3
4808,184,159,1
4809,198,138,3
4810,87,177,4
4811,201,94,5
4812,275,126,4
4813,211,113,1
4814,118,149,5
4815,191,100,1
4816,42,53,5
4817,42,87,5
4818,276,89,1
4819,17,54,1
4820,283,185,5
4821,258,20,5
4822,63,113,1
4823,62,49,1
4824,100,135,2
4825,19,29,2
4826,17,48,2
4827,246,13,4
4828,251,3,5
4829,81,2,3
4832,197,102,3
4833,158,134,2
4834,204,45,3
4835,196,71,1
4836,216,133,1
4837,285,56,5
4838,196,199,4
4839,152,127,2
4840,14,32,5
4841,146,49,2
4842,57,13,1
4843,211,158,4
4844,268,25,4
4845,210,60,1
4846,17,59,3
4847,286,156,4
4848,203,58,3
4849,99,20,2
4850,279,162,4
4851,209,133,1
4852,129,188,3
4853,288,171,2
4854,252,57,2
4855,265,185,4
4856,271,54,4
4857,188,112,5
4858,214,173,5
4859,283,86,4
4860,211,37,5
4861,76,84,1
4862,148,48,1
4863,213,118,5
4864,109,182,4
4867,47,110,4
4868,96,6,3
4869,103,162,3
4870,146,191,4
4871,27,78,5
4872,220,176,1
4873,18,23,1
4874,167,126,4
4875,82,84,2
4876,72,13,5
4877,254,47,2
4878,162,44,4
4879,38,105,4
4880,201,160,2
4881,200,154,3
4882,255,181,4
4883,179,14,5
4884,35,180,2
4885,82,121,3
4886,220,36,2
4887,158,8,3
4888,4,168,3
4889,167,150,5
4890,204,16,4
4891,194,91,3
4892,235,120,4
4893,206,188,5
4894,150,60,4
4895,159,10,1
4896,279,153,3
4897,166,31,5
4898,68,21,2
4899,88,81,5
4900,217,33,3
4901,1,31,5
4902,135,149,2
4903,185,36,1
4904,140,193,3
4905,106,132,3
4906,133,68,5
4909,298,9,2
4910,146,30,1
4911,74,115,1
4912,108,45,5
4913,122,4,5
4914,17,69,4
4915,196,23,1
4916,297,16,1
4917,252,22,1
4918,119,72,2
4919,162,48,2
4920,198,190,5
4921,45,188,4
4922,179,107,3
4924,271,7,2
4925,78,51,2
4926,178,65,5
4927,3,9,3
4928,214,82,1
4929,74,45,3
4930,51,122,3
4932,93,195,5
4933,176,152,2
4934,145,10,1
4935,7,73,3
4936,269,48,1
4937,4,163,3
4938,138,182,2
4939,231,87,1
4940,88,111,4
4941,17,199,2
4942,52,16,1
4943,134,53,3
4944,211,40,3
4945,219,100,2
4946,205,20,2
4947,211,69,3
4948,277,45,1
4949,24,6,4
4950,4,197,5
4951,152,177,2
4952,259,39,3
4953,168,102,1
4955,291,107,1
4957,108,118,3
4958,296,149,1
4959,141,168,3
4960,155,82,1
4961,262,54,2
4962,273,110,5
4963,232,12,5
4964,241,165,4
4965,258,110,4
4966,249,38,3
4967,77,143,1
4968,180,7,4
4969,66,78,2
4970,171,178,5
4971,22,65,1
4972,107,102,5
4973,227,195,1
4974,216,101,4
4975,69,44,4
4976,84,31,3
4978,39,77,2
4979,13,48,4
4980,297,82,3
4981,181,127,4
4982,268,189,5
4983,13,84,4
4985,57,29,3
4986,40,48,1
4987,128,190,2
4990,259,172,3
4991,5,47,3
4993,11,192,3
4994,117,91,4
4995,184,53,1
4996,116,92,4
4997,162,77,1
4998,67,44,5
4999,200,156,5
5000,31,2,1
5001,75,101,4
5002,237,57,2
5003,66,57,4
5004,70,34,2
5005,297,58,4
5006,20,180,3
5008,199,35,5
5011,45,33,2
5012,91,115,3
5013,238,75,4
5014,70,73,1
5015,166,78,4
5016,130,9,3
5017,214,48,3
5018,89,67,3
5019,252,164,3
5020,72,199,4
5021,165,119,1
5022,49,172,3
5023,52,188,5
5024,289,191,1
5025,278,133,5
5026,114,119,4
5027,239,86,3
5028,133,106,1
5029,274,76,3
5030,166,40,3
5032,243,47,3
5033,138,65,3
5034,79,195,2
5035,170,146,2
5037,176,30,1
5038,300,126,3
5039,82,66,5
5040,87,5,1
5041,225,93,3
5042,16,97,5
5043,163,170,2
5045,156,106,3
5046,2,133,2
5048,92,85,2
5049,181,58,3
5050,231,79,5
5051,148,8,4
5052,280,159,4
5053,189,12,4
5054,128,149,1
5055,7,94,3
5056,47,190,4
5057,53,91,2
5058,187,33,5
5059,38,154,3
5060,226,100,2
5061,53,168,1
5062,224,193,4
5063,154,187,2
5064,48,15,3
5065,147,114,2
5066,64,129,1
5067,182,11,5
5068,125,55,4
5069,179,2,3
5070,39,65,4
5071,260,172,4
5072,3,16,4
5073,64,150,2
5074,29,106,2
5076,97,175,1
5077,203,30,3
5078,21,10,2
5079,39,186,4
5081,102,85,3
5082,46,134,3
5083,66,67,3
5084,91,41,3
5086,111,18,3
5087,123,58,1
5088,193,60,2
5089,99,88,1
5090,291,27,4
5091,159,68,5
5092,103,22,5
5094,43,40,1
5095,84,109,1
5096,191,74,4
5097,51,66,3
5098,210,168,3
5099,126,6,2
5100,69,112,1
5101,265,18,1
5103,188,102,4
5104,230,110,3
5105,189,30,1
5106,10,122,1
5107,114,149,5
5108,76,62,2
5109,164,138,2
5110,85,120,3
5111,49,107,1
5112,177,141,5
5113,218,76,1
5114,189,9,4
5115,230,196,3
5116,255,39,2
5117,236,24,1
5118,26,125,3
5119,72,118,2
5120,261,34,1
5121,254,61,5
5122,271,169,3
5123,123,133,1
5124,144,79,2
5125,257,50,2
5126,144,132,5
5127,259,51,3
5128,47,52,3
5129,13,122,1
5130,208,167,2
5131,235,8,2
5132,149,113,5
5133,155,45,5
5134,166,88,3
5135,90,28,2
5136,186,119,1
5137,174,107,4
5138,217,27,1
5139,264,193,5
5140,97,162,1
5141,117,81,2
5142,199,101,3
5143,21,62,4
5144,200,62,3
5145,248,166,4
5146,276,26,4
5147,264,121,2
5148,58,24,2
5149,31,39,5
5150,249,124,5
5151,93,21,4
5152,265,94,5
5153,271,175,2
5155,154,176,4
5156,285,121,3
5157,80,13,1
5158,292,131,5
5159,84,160,2
5160,37,163,3
5161,232,19,2
5162,93,142,5
5163,102,176,4
5164,166,81,1
5166,14,68,3
5168,73,19,4
5169,249,64,2
5170,91,101,4
5171,216,66,3
5172,90,66,3
5173,29,75,1
5174,220,45,4
5175,215,87,2
5176,221,67,4
5177,42,197,2
5178,135,3,2
5179,42,166,4
5180,164,170,5
5181,283,168,4
5182,58,178,2
5183,25,163,3
5184,73,24,3
5185,129,88,1
5186,87,17,3
5187,153,40,5
5188,182,194,2
5189,125,172,4
5190,67,151,4
5191,6,6,5
5192,125,194,3
5193,53,149,2
5194,66,119,3
5195,82,120,1
5196,87,35,3
5197,2,113,1
5198,204,29,4
5199,150,7,2
5200,293,53,1
5202,24,23,3
5203,212,97,4
5204,65,136,5
5205,209,76,5
5206,251,176,3
5207,117,10,5
5208,116,117,2
5209,237,24,5
5210,105,175,2
5211,259,181,3
5212,46,39,3
5213,216,195,3
5214,24,66,4
5215,35,6,5
5216,24,21,1
5217,28,73,1
5218,16,74,3
5219,59,36,5
5220,243,131,2
5221,207,170,1
5222,271,173,3
5223,249,44,1
5224,267,91,1
5225,193,161,1
5226,218,60,3
5228,68,83,4
5229,299,198,4
5230,75,83,4
5231,103,77,1
5232,297,26,5
5233,178,21,3
5234,215,120,4
5235,39,130,5
5236,259,175,4
5237,204,108,4
5238,7,158,5
5239,49,27,4
5240,26,71,1
5241,161,148,1
5242,176,50,1
5243,79,95,2
5244,2,23,4
5245,132,141,2
5246,276,81,3
5247,117,132,5
5248,164,142,3
5249,288,20,2
5250,28,124,1
5251,1,13,4
5252,188,3,4
5253,56,175,1
5254,35,131,4
5255,112,129,5
5256,286,90,5
5257,36,152,5
5258,217,35,3
5259,80,14,1
5260,83,195,5
5261,65,141,2
5262,128,175,5
5263,22,50,3
5264,216,78,2
5265,107,154,1
5266,109,3,1
5267,181,179,5
5268,164,40,2
5269,68,196,2
5270,292,164,5
5271,180,51,5
5273,169,104,4
5274,22,161,5
5275,66,135,3
5276,21,117,4
5277,100,116,5
5278,300,52,2
5280,47,139,3
5281,39,155,1
5282,285,142,2
5284,85,46,3
5285,273,76,3
5286,188,10,2
5287,159,152,3
5288,243,61,1
5289,73,18,4
5291,101,137,3
5292,2,145,5
5293,244,128,4
5294,176,104,2
5295,238,186,5
5296,59,141,5
5297,99,178,3
5298,2,101,2
5300,297,85,1
5301,211,51,5
5302,123,36,1
5303,229,71,3
5304,82,100,4
5305,144,25,5
5306,140,139,4
5308,270,14,5
5310,12,74,4
5311,106,50,2
5312,32,5,5
5313,74,200,2
5314,171,110,1
5315,69,197,5
5316,137,122,2
5317,100,88,3
5318,146,57,5
5319,9,26,5
5320,62,6,5
5321,185,144,5
5322,29,60,3
5323,114,100,1
5324,143,12,3
5325,120,75,3
5326,170,3,2
5327,157,63,4
5328,260,192,4
5329,82,190,2
5330,242,134,3
5331,172,19,2
5332,231,18,5
5333,208,80,2
5334,75,171,2
5335,270,73,5
5337,62,126,5
5338,102,72,1
5339,210,38,2
5340,255,68,2
5341,20,172,4
5342,58,80,3
5344,196,42,3
5345,92,64,1
5346,52,182,5
5347,293,78,1
5348,8,127,1
5349,300,105,1
5350,98,199,5
5351,236,76,5
5352,69,165,4
5353,45,132,2
5354,137,130,3
5355,234,122,3
5356,32,44,1
5357,289,195,5
5358,126,196,5
5359,67,102,1
5360,30,62,2
5361,114,1,3
5362,204,17,4
5363,29,16,2
5364,131,9,5
5365,185,181,1
5366,253,59,3
5367,286,119,1
5368,62,137,5
5369,3,140,1
5370,68,119,3
5371,25,41,1
5372,179,143,3
5373,141,66,1
5374,231,75,1
5375,300,11,3
5376,163,8,1
5377,130,183,2
5378,246,134,4
5379,297,181,2
5380,172,148,4
5381,64,167,2
5382,31,99,4
5383,47,72,1
5384,130,113,3
5385,110,107,3
5386,69,34,5
5389,300,120,5
5390,256,147,4
5391,171,71,3
5393,286,40,1
5394,71,142,5
5395,255,103,5
5396,55,124,4
5397,3,123,5
5398,26,100,3
5399,126,165,5
5400,53,172,4
5401,198,137,3
5402,299,58,3
5403,188,148,5
5404,186,109,4
5405,298,121,5
5406,204,92,1
5407,11,50,1
5408,146,148,3
5409,85,105,5
5410,100,164,1
5411,104,117,2
5412,46,27,1
5413,44,200,5
5414,278,32,5
5416,187,17,5
5418,255,84,2
5419,30,45,3
5420,264,66,5
5421,98,32,4
5422,115,45,3
5423,276,9,3
5424,281,30,4
5425,275,84,1
5426,261,166,2
5427,207,60,5
5428,211,1,1
5429,215,5,4
5430,40,63,2
5432,27,65,2
5434,83,152,1
5435,170,132,5
5436,167,114,2
5437,188,196,2
5438,169,25,1
5439,289,135,2
5440,229,141,2
5441,97,196,4
5442,16,43,3
5444,135,164,1
5445,26,142,1
5447,72,27,4
5449,106,106,4
5450,220,165,1
5451,177,71,5
5453,133,67,2
5454,22,90,2
5455,269,4,5
5456,161,106,3
5457,107,79,2
5458,279,96,5
5459,235,93,4
5460,18,74,1
5461,242,126,3
5463,286,147,1
5464,282,157,5
5465,144,116,2
5466,205,179,1
5467,39,18,4
5468,154,186,3
5469,176,172,5
5470,241,16,2
5471,134,193,4
5472,46,130,3
5473,50,56,3
5474,166,79,4
5475,106,103,2
5476,216,28,3
5477,146,193,5
5478,72,5,1
5479,273,106,5
5480,247,22,3
5481,186,117,1
5482,70,100,4
5483,150,13,1
5484,246,65,1
5485,262,144,1
5486,26,86,3
5487,140,64,2
5488,99,32,3
5489,278,80,2
5490,51,51,4
5492,104,186,4
5493,89,174,4
5494,141,180,4
5496,233,63,3
5497,183,76,2
5498,251,60,4
5499,9,65,5
5500,79,117,5
5501,52,81,5
5502,269,105,3
5503,226,128,4
5504,51,183,5
5505,186,185,5
5506,34,71,4
5507,291,86,3
5508,230,154,5
5509,131,140,2
5511,247,46,1
5512,192,47,1
5513,210,79,3
5514,103,166,5
5515,133,149,1
5516,139,142,1
5517,121,130,4
5518,94,200,5
5520,91,109,4
5521,92,119,5
5522,63,198,2
5523,29,101,3
5524,210,161,4
5525,12,6,1
5526,297,126,5
5527,130,103,2
5528,293,37,2
5529,173,142,3
5530,208,37,2
5531,24,8,5
5532,99,77,5
5533,139,141,2
5534,174,40,5
5535,29,107,5
5536,143,92,1
5537,42,186,4
5538,299,18,5
5539,208,57,5
5540,192,83,3
5541,160,166,4
5542,64,32,4
5543,243,194,4
5544,258,25,2
5545,152,186,1
5546,215,33,1
5548,31,194,4
5549,232,158,4
5550,282,104,5
5551,29,34,2
5552,195,102,2
5553,256,127,3
5554,281,69,1
5555,294,176,4
5556,87,40,3
5557,149,179,2
5558,249,80,2
5559,283,141,2
5560,198,31,4
5561,44,116,4
5562,28,167,4
5563,17,63,5
5564,127,48,1
5565,168,87,2
5566,244,48,2
5567,76,61,5
5568,231,140,2
5569,204,78,2
5570,248,184,4
5571,214,18,4
5572,215,155,1
5573,158,28,2
5574,69,80,3
5575,85,180,2
5577,69,77,1
5578,99,186,3
5579,216,137,2
5580,161,26,3
5581,94,28,4
5582,174,105,4
5583,165,77,3
5584,115,164,2
5585,220,9,3
5586,31,175,3
5587,11,51,4
5588,130,76,3
5589,105,122,5
5590,27,185,5
5591,227,32,4
5592,2,195,2
5593,101,57,2
5594,21,54,4
5596,180,144,1
5597,20,62,5
5599,38,56,1
5601,25,17,4
5602,121,166,1
5603,26,200,3
5604,169,158,2
5605,225,186,4
5606,1,78,3
5607,261,22,3
5608,13,108,5
5609,48,17,5
5610,291,15,3
5611,94,114,5
5612,261,48,2
5613,278,160,2
5615,185,168,1
5616,175,97,3
5617,69,185,2
5619,246,91,5
5620,161,16,2
5622,216,98,1
5623,212,111,5
5624,16,1,5
5625,205,41,4
5626,39,48,1
5627,89,159,2
5629,254,108,3
5630,216,161,2
5631,172,161,5
5632,137,103,2
5633,178,128,5
5634,77,151,5
5635,188,188,1
5636,15,30,2
5638,214,80,5
5639,208,39,2
5640,169,45,2
5641,280,78,1
5642,146,81,1
5643,263,140,5
5644,4,93,5
5645,90,32,2
5646,60,184,2
5647,16,24,4
5648,227,116,4
5649,29,13,3
5650,151,148,5
5651,245,79,3
5652,270,56,3
5653,79,53,1
5654,289,68,1
5655,153,182,4
5656,277,34,3
5657,279,28,4
5658,57,50,5
5659,186,130,2
5661,276,94,5
5662,158,154,5
5663,275,179,1
5664,181,47,1
5665,77,26,3
5666,151,84,4
5668,289,92,3
5669,231,120,3
5670,18,75,5
5671,73,122,5
5672,189,189,2
5673,17,151,4
5674,19,165,5
5675,219,41,1
5677,101,82,4
5679,84,155,1
5680,196,134,4
5681,202,74,2
5682,11,66,1
5683,218,24,3
5684,253,166,4
5686,80,156,5
5687,7,117,2
5688,272,114,3
5689,227,194,3
5691,12,174,1
5692,291,69,1
5693,241,114,3
5694,21,75,2
5695,178,171,1
5696,228,59,4
5697,273,130,5
5698,288,15,2
5699,297,105,1
5700,134,165,3
5701,283,199,5
5702,153,148,1
5703,66,98,3
5705,92,162,5
5706,259,31,4
5707,103,127,4
5708,55,19,3
5709,257,196,4
5710,101,24,5
5711,198,84,3
5712,226,167,1
5713,237,92,2
5714,26,182,1
5715,121,167,5
5716,182,145,3
5717,199,147,1
5718,255,118,3
5719,122,176,4
5720,31,163,2
5721,285,160,5
5722,106,175,1
5723,224,47,2
5724,273,192,5
5725,232,174,5
5726,256,103,4
5727,24,121,3
5728,109,163,3
5729,191,94,2
5730,25,145,4
5731,187,42,5
5732,288,111,4
5733,116,29,4
5734,37,198,2
5735,282,124,3
5736,137,17,4
5737,227,14,4
5738,182,152,4
5739,86,185,1
5740,53,50,4
5741,235,57,4
5742,267,189,5
5743,287,104,1
5744,100,39,4
5745,87,183,4
5746,15,96,2
5747,101,36,2
5748,165,114,1
5749,29,37,5
5750,114,14,1
5751,107,155,1
5752,130,123,2
5753,84,83,2
5754,271,159,5
5755,244,73,4
5756,214,102,5
5758,279,83,3
5759,59,44,2
5760,90,68,3
5761,194,48,3
5762,123,57,2
5763,136,75,3
5764,139,22,1
5765,229,132,4
5766,274,200,5
5767,50,46,2
5768,118,187,1
5769,202,162,5
5770,191,11,5
5771,181,31,5
5772,78,139,3
5773,75,120,3
5774,295,56,3
5775,281,38,3
5776,21,21,1
5778,15,94,2
5779,211,138,5
5780,48,154,1
5781,86,136,3
5782,149,8,5
5784,151,72,5
5785,141,119,1
5788,9,105,3
5790,101,87,5
5791,149,150,5
5792,146,155,2
5793,243,64,2
5794,241,2,3
5795,43,109,4
5797,226,83,1
5798,6,107,3
5799,214,69,4
5800,206,97,1
5801,67,30,5
5802,100,8,2
5803,12,38,1
5804,237,189,4
5806,135,108,1
5807,222,65,3
5808,156,67,5
5809,142,174,4
5810,158,90,4
5811,262,95,2
5813,229,43,1
5814,280,187,1
5815,290,46,1
5816,168,200,5
5817,47,125,4
5818,203,163,4
5819,214,39,1
5820,246,51,2
5821,24,4,2
5822,274,121,4
5823,44,80,4
5824,156,77,3
5825,199,179,4
5826,162,133,1
5827,234,55,5
5828,163,20,4
5829,116,152,4
5830,93,164,1
5831,42,34,3
5832,284,122,4
5833,210,109,2
5834,206,126,2
5835,220,54,2
5836,280,162,5
5837,136,145,5
5838,106,133,4
5839,118,89,4
5840,237,146,4
5841,100,183,5
5842,261,53,4
5843,286,50,1
5844,103,72,3
5846,175,141,2
5847,282,16,1
5848,293,13,4
5849,226,20,5
5850,7,66,4
5851,127,47,4
5852,92,147,2
5853,190,173,2
5854,53,165,5
5855,242,122,2
5856,132,54,4
5857,112,6,1
5858,7,14,5
5859,230,132,1
5860,156,86,4
5861,197,183,5
5863,250,27,5
5865,240,131,5
5866,263,175,4
5869,58,153,2
5870,9,60,4
5871,115,24,3
5872,210,15,5
5873,41,95,1
5875,234,182,2
5876,281,134,5
5877,78,81,3
5878,108,18,2
5879,281,20,4
5880,39,115,5
5881,119,190,5
5882,27,40,3
5883,104,39,4
5884,74,180,4
5885,191,32,3
5886,147,124,1
5887,255,108,4
5888,284,27,1
5889,213,110,1
5890,123,180,5
5892,240,191,2
5893,286,74,5
5895,259,17,4
5896,105,49,1
5898,204,116,5
5899,262,23,5
5900,107,98,5
5901,251,72,3
5902,221,141,4
5903,222,151,2
5904,258,57,4
5905,201,190,4
5907,225,148,4
5908,202,86,1
5909,226,180,5
5911,183,105,3
5912,200,163,5
5913,246,67,1
5914,111,34,3
5915,6,33,2
5916,236,46,5
5917,127,81,4
5918,104,173,1
5920,155,87,5
5921,257,15,2
5922,235,123,4
5923,289,121,2
5924,40,78,2
5925,288,66,5
5926,197,39,4
5927,273,18,5
5928,264,198,5
5929,57,187,1
5930,298,160,5
5931,98,21,3
5932,137,168,4
5933,87,27,1
5934,242,2,4
5936,84,39,3
5937,242,56,5
5939,252,127,1
5940,190,13,1
5941,152,126,3
5942,278,184,4
5943,139,194,3
5944,176,56,1
5945,8,28,1
5946,295,64,5
5947,235,71,3
5948,163,192,3
5949,49,184,2
5950,38,169,4
5951,136,119,2
5953,296,41,4
5954,34,4,5
5955,79,185,5
5956,236,158,4
5957,273,88,4
5958,161,84,3
5959,175,46,3
5960,221,184,3
5961,9,159,3
5962,289,88,1
5963,113,7,1
5965,186,182,1
5966,197,136,1
5967,266,183,3
5968,262,197,3
5969,248,172,4
5970,115,141,3
5971,121,93,4
5972,141,20,4
5973,65,78,1
5974,276,160,3
5975,239,188,1
5976,10,178,3
5977,233,27,1
5978,195,120,1
5979,12,25,1
5980,177,52,5
5981,177,196,1
5982,217,21,2
5983,11,18,2
5984,118,39,2
5986,39,53,1
5987,53,38,2
5988,218,176,4
5989,206,52,2
5990,56,72,3
5991,118,28,5
5992,253,144,1
5993,286,118,5
5994,268,144,5
5995,291,35,3
5996,180,145,3
5997,235,99,3
5998,196,52,4
5999,80,140,2
0,103,1,4
1,225,2,3
2,123,3,1
3,102,4,5
4,264,5,2
5,161,6,5
6,233,7,2
7,275,8,4
8,258,9,2
9,139,10,2
10,227,11,4
12,86,13,4
13,291,14,1
14,217,15,1
15,66,16,2
16,257,17,4
17,135,18,4
19,243,20,5
20,252,21,3
21,21,22,3
22,163,23,3
23,264,24,5
24,68,25,4
25,107,26,3
26,67,27,4
27,199,28,2
28,192,29,3
29,2,30,2
30,257,31,5
31,1,32,1
32,115,33,5
33,88,34,5
34,197,35,5
35,92,36,3
36,274,37,2
37,160,38,3
38,173,39,1
39,33,40,5
40,73,41,4
42,284,43,2
43,87,44,1
44,224,45,3
45,44,46,4
46,138,47,3
47,270,48,5
48,36,49,5
50,88,51,5
51,146,52,5
52,16,53,2
53,233,54,2
54,41,55,3
55,255,56,3
56,281,57,2
57,126,58,1
58,8,59,2
59,176,60,3
60,228,61,4
61,18,62,5
62,56,63,4
63,35,64,4
64,118,65,5
65,282,66,2
66,254,67,1
67,213,68,4
68,61,69,1
69,88,70,3
70,271,71,4
71,32,72,3
72,133,73,2
73,64,74,4
74,199,75,3
75,256,76,3
76,155,77,2
77,231,78,1
79,26,80,4
80,23,81,2
81,141,82,4
83,156,84,2
84,113,85,5
85,139,86,2
86,209,87,2
87,86,88,5
88,285,89,3
89,60,90,3
90,54,91,3
91,93,92,1
92,265,93,2
93,213,94,5
94,10,95,1
95,203,96,5
96,196,97,1
97,58,98,1
98,256,99,1
99,223,100,5
100,180,101,4
101,35,102,1
102,103,103,3
104,200,105,4
106,183,107,5
107,136,108,4
108,226,109,5
109,243,110,5
110,106,111,3
111,71,112,1
112,77,113,4
114,277,115,1
115,111,116,1
116,224,117,5
117,75,118,1
118,14,119,4
119,258,120,5
120,189,121,4
121,239,122,5
122,91,123,2
123,184,124,2
124,17,125,2
125,12,126,2
126,166,127,5
127,146,128,1
128,282,129,3
129,37,130,3
130,70,131,2
131,169,132,1
132,170,133,4
134,297,135,4
135,142,136,3
136,273,137,1
137,225,138,1
138,183,139,3
139,221,140,1
140,53,141,4
141,118,142,1
142,159,143,4
143,136,144,2
144,77,145,1
145,45,146,4
146,18,147,3
147,205,148,2
148,83,149,1
149,50,150,4
150,281,151,1
151,166,152,4
152,243,153,1
153,164,154,2
154,56,155,2
156,128,157,1
157,122,158,5
158,247,159,1
159,186,160,1
160,208,161,2
161,239,162,1
162,215,163,3
164,224,165,5
165,88,166,4
166,25,167,2
167,220,168,3
168,275,169,4
169,135,170,3
170,233,171,2
171,66,172,5
172,80,173,2
173,255,174,3
174,125,175,3
175,146,176,2
176,103,177,1
177,277,178,2
178,124,179,5
179,267,180,2
180,278,181,4
181,111,182,1
182,89,183,4
184,216,185,1
185,36,186,4
186,87,187,4
187,118,188,1
188,182,189,1
189,68,190,3
190,159,191,1
191,285,192,2
192,164,193,5
193,73,194,3
194,119,195,1
195,195,196,5
196,89,197,3
197,76,198,2
198,221,199,5
199,139,200,1
